,id,kills,assists,arrow_accuracy,kit,position
0,xPanth,3,0,,Knight,3
1,AgentAgate,2,0,0.43,Farmer,2
2,samyraj,2,0,,Scout,8
3,Typhooneater,1,0,,Knight,10
4,Icyad10,1,0,0.4,Knight,4
5,CaterpillarHuntr,1,0,,Cannoneer,9
6,bakimoon,0,0,,Knight,6
7,tchpol,0,1,,Knight,5
8,vfil,0,0,,Knight,12
9,zon146,0,0,,Armorsmith,11
10,wittslayer8,0,1,,Batguy,7
11,_LxG,3,2,0.33,Scout,3
12,xdieno,2,0,,Knight,8
13,laavalamp_,2,0,,Knight,5
14,GetAngryNow_,1,0,0.21,Knight,2
15,X648,0,0,,Armorer,6
16,_Natty_,0,0,,Frog,4
17,Alex_Hashtag,0,1,1.0,Armorsmith,9
18,ITsRaira,0,0,,Scout,10
19,Uzer00,0,0,,Knight,7
20,Luczinho,0,0,,Scout,12
21,WiredWolfy_,0,0,,Jester,11
22,Reserviste,4,0,,Scout,1
23,R_o_t_h,2,0,,Knight,3
24,apex_fox,1,0,0.0,Knight,10
25,_MrFree,0,0,,Scout,4
26,ItamarEilon,0,0,,Enderman,8
27,RevisoryHalo189,0,0,,Pharaoh,5
28,Yiwu,0,0,,Speleologist,6
29,Nxkx,0,0,0.5,Armorer,2
30,SwetlessNoob,0,0,,Frog,12
31,iinsidee,0,1,,Scout,11
32,melluwLovesTechn,0,1,0.5,Knight,7
33,FinnMurphy2003,5,0,,Scout,2
34,Fitey,2,0,,Armorer,5
35,kubawara,1,0,,Scout,7
36,Skeleterno,1,0,,Baseball Player,1
37,Arthurlava,1,1,,Pro,3
38,SubToAferek,0,0,,Scout,12
39,gvnP,0,0,,Scout,8
40,Ureaka,0,0,,Knight,6
41,vfil,0,0,,Knight,11
42,pisco1,0,0,0.0,Ecologist,9
43,ShanGaming,0,0,,Knight,4
44,harrym2012,6,0,,Scout,1
45,_Spirit_of_Fire_,2,0,,Scout,2
46,bot_o_prot_427,1,0,,Knight,3
47,wtfNat,1,0,,Ecologist,8
48,qussy_2,1,0,0.67,Knight,6
49,fake_babou,0,0,,Knight,11
50,Mii_Channel,0,0,0.46,Enderchest,4
51,pepperoniWITHAK,0,0,,Enderman,10
52,Bule_Jay,0,1,0.38,Pro,5
53,RaKaSaMa,0,0,,Knight,9
54,dbyrne06,0,0,,Knight,12
55,HarryC2000,6,0,,Salmon,1
56,styposeure461,2,0,,Scout,10
57,Limtree,1,1,,Knight,5
58,Purpleep,1,0,,Scout,11
59,Pancracio25,1,0,,Knight,6
60,TripleSkateMafia,0,1,,Farmer,8
61,mr_lowd,0,1,,Armorer,3
62,Kirbysin,0,1,,Farmer,9
63,NoFortuneFound,0,1,,Armorer,4
64,yurse,0,0,,Pro,12
65,Blinged,0,1,,Pharaoh,2
66,wqlseley,4,1,,Scout,1
67,Sorroish,3,0,,Knight,3
68,LegendLipton,1,1,,Armorer,4
69,DJkontertron,1,0,,Pharaoh,6
70,SupremeWildBlaze,1,0,,Knight,7
71,Ajlod_Ajlod,1,0,,Ecologist,5
72,SamanthaBoi,0,0,0.25,Enderman,8
73,unagutierez,0,0,,Armorer,10
74,DctrDanger,0,0,,Scout,11
75,chenpro15,0,0,,Scout,12
76,Blinged,0,2,,Pharaoh,2
77,SamsonTV_,4,0,,Knight,2
78,Shivvyplayz,2,0,,Armorsmith,4
79,NoobLP,1,0,0.0,Frog,5
80,Valamar,1,0,,Knight,3
81,MMwizard69,0,0,0.71,None,8
82,Comicly_,0,0,,Ecologist,12
83,KnockbackNoob,0,0,,Knight,11
84,TheBlairite,0,0,,Armorer,10
85,carbbo,0,0,,Armorer,7
86,SlyFoxzz,0,0,,Pro,9
87,IceyPlays,0,0,,None,1
88,Pancracio25,6,0,0.31,Knight,2
89,She_Take_The_L,2,1,0.5,Armorer,1
90,BoSSSSSSSSSS,1,0,,Speleologist,7
91,Tontwan,1,0,,Armorer,3
92,pisco1,1,0,,Knight,9
93,oLuckyL,0,0,,Farmer,6
94,birchsappling,0,0,,Enderman,12
95,BabiBobi,0,0,,Scout,11
96,iusesdiablo,0,0,0.33,Armorer,8
97,NcExzz,0,1,,Ecologist,5
98,ViperHRM21,0,0,0.0,Armorer,4
99,JCDABESTBRO,3,1,0.17,Knight,2
100,freddy600,2,0,,Scout,4
101,Snoqy,2,0,,Scout,1
102,swiftpots,1,0,,Farmer,3
103,Max_Martin,1,0,,Scout,10
104,urfavefemboy,1,0,,Armorer,6
105,TheSus52,0,0,0.0,Enderman,5
106,Scithel,0,0,0.0,Armorer,11
107,Kanelinha,0,0,,Scout,12
108,SpeedwasKEY,0,0,,Knight,8
109,xXezboyzeXx,0,0,,Farmer,9
110,JustRotem,5,0,0.29,Knight,1
111,MickMac09,2,0,,Scout,3
112,LABYMODK1NGGG,2,0,,Armorer,4
113,MarcusIsGood,1,0,0.19,Knight,5
114,Rqdd,0,0,,Farmer,11
115,Icewolf0518,0,0,,Scout,8
116,LaImyy_,0,0,,Scout,10
117,InL0v3,0,0,,Knight,7
118,Yiton,0,0,,Armorer,2
119,dqtl,0,0,,Scout,12
120,do_not_click,0,0,,Farmer,6
121,Metascov,3,0,,Armorer,2
122,fadz1k_kox,2,0,,Scout,1
123,Icewolf0518,1,0,,Scout,3
124,NotJebe,1,0,,Knight,7
125,Invisdude,1,0,,Energix,8
126,zonexion,1,1,,Pro,6
127,YungSoloBolo,1,0,,Knight,5
128,kanatuinen,0,0,,Cannoneer,12
129,Nodulated,0,0,,Farmer,11
130,WhiteGramps,0,0,,Pro,4
131,Caelan69420,0,0,,Knight,10
132,MasterofDoom,3,0,0.0,Knight,3
133,Rqdd,2,1,,Farmer,2
134,rocketship90,2,0,,Cactus,1
135,DOOOOOOOOOOORITO,2,0,,Farmer,8
136,_notdolphin,1,0,,Pharaoh,4
137,zonexion,0,0,,Pro,7
138,fixhypixellag,0,0,,Scout,12
139,Nodulated,0,0,,Farmer,9
140,creejud,0,0,,Knight,10
141,ImmortalShadowZ,0,0,,Knight,5
142,Inbar2,0,0,0.1,Enderman,6
143,w0rs1,3,0,,Scout,1
144,DarkBrezze,2,0,1.0,Armorer,6
145,Ilqy,1,0,,Ecologist,7
146,FroZenLightz,1,1,,Scout,4
147,Cr0w_12,1,0,1.0,Knight,5
148,Aly_x,1,1,1.0,Knight,3
149,JZBallin,1,0,0.4,Knight,2
150,elephantlump123,0,0,,Frog,9
151,May_Rin,0,0,,Scout,10
152,MagicBlackDimond,0,0,,Scout,8
153,Tayeor_,0,0,,Scout,12
154,Mamantlous,3,0,0.0,Scout,1
155,__cb,2,1,,Scout,3
156,Spongle47,1,0,1.0,Armorer,4
157,9Oth,1,0,,Knight,6
158,TheTyrian,1,0,,Pro,5
159,BAZIV,0,0,,Scout,8
160,qndx,0,0,,Scout,12
161,gHqDer4ga1xddF,0,0,,Armorer,9
162,Dr_puffy_fish,0,0,,Knight,11
163,Jxka,0,0,,Frog,10
164,iiGirts,0,0,,Knight,7
165,zxcraitn,7,0,,Armorer,1
166,BenjaminBodge,2,1,0.2,Knight,2
167,gtgRobi,1,0,0.0,Enderman,4
168,Qmeqa,0,0,,Farmer,9
169,skngoblvn,0,0,0.0,None,3
170,Jaedid,0,0,,Knight,8
171,ibookshelf,0,0,,Ecologist,11
172,vfil,0,0,,Knight,7
173,Qrchid,0,0,,Armorer,6
174,BlazeRox555,0,0,,Knight,5
175,sick_85,0,0,,Baseball Player,12
176,flexintape,4,0,,Scout,1
177,Zutroy__,2,0,,Knight,4
178,KieGameYT,2,0,,Ecologist,6
179,mitchellgamer901,1,0,,Pro,3
180,FolizX,1,0,,Knight,2
181,VimersYT,0,0,0.33,Knight,7
182,wilby1814,0,0,,Pig Rider,9
183,SwiftSwordMC,0,0,0.3,Scout,5
184,Cythius,0,0,,Enderman,11
185,Greex,0,0,,Armorer,8
186,44488,0,0,,Knight,10
187,eddyalborz,4,0,0.22,Farmer,1
188,Bndhups,1,0,,Enderman,4
189,SnackyEpic,1,0,0.0,Armorer,8
190,Ilqy,0,0,,Ecologist,12
191,iRUFF,0,0,0.83,Ecologist,6
192,Save_Spider1,0,0,,Scout,7
193,NOXBORZZ,0,0,,Pro,5
194,revoss,0,0,,Scout,9
195,SpecularHusky,0,0,,Knight,10
196,Sorroish,0,0,0.5,Knight,11
197,Zloth,0,0,0.28,Scout,2
198,BrodsKz,1,0,0.33,Ecologist,4
199,S3DOH_99,1,1,0.15,Knight,2
200,notsolarpro,1,0,,Knight,6
201,xKitKat_,1,0,0.33,Knight,3
202,Arvidovling,0,0,,Warlock,8
203,RAM_Limiter,0,0,,Grenade,11
204,BuckySquirrel,0,0,,Scout,10
205,d9lton,0,0,,Armorer,7
206,GrGeorge_oik,0,0,,Scout,12
207,Tiggles,0,0,,Farmer,9
208,CG_CreatorYT,0,0,,Enderman,5
209,WildMarco,7,0,0.86,Farmer,1
210,Leeotee,1,0,,Farmer,4
211,Trikeh,1,0,,Jester,9
212,iSnowFlakes,0,0,0.15,Scout,5
213,MC_FuriousTTV,0,0,,Pharaoh,12
214,BadNavy,0,0,,Enderman,3
215,gogy420,0,1,,Scout,11
216,AloneExtra,0,0,,Pyro,10
217,VioSplat,0,0,,Pro,2
218,Ice__wizzard,0,0,0.0,Knight,6
219,Stormskyro,0,0,,Knight,8
220,sHaDuF,4,0,,Farmer,1
221,Kekeigenkai,2,0,,Scout,3
222,mistahmina,1,0,,Farmer,6
223,AE_Jbone,0,0,,Armorer,7
224,EisaTheKing,0,0,,Farmer,12
225,Im_AWS13,0,0,,Farmer,2
226,makyz,0,0,,Scout,8
227,TheIronGolem808,0,0,,Scout,10
228,MythicalRev,0,0,,Scout,11
229,mille8811,0,0,0.0,Knight,4
230,Dariusloot,0,0,,Scout,5
231,IPGGG,5,0,0.0,Scout,1
232,ItsMestniy,3,0,,Scout,3
233,GangstaToad,1,1,,Farmer,5
234,NotBoomy,1,0,0.46,Knight,2
235,BRTreed,0,0,,Armorer,11
236,SayaTokido,0,0,,Knight,12
237,Guimatou,0,0,0.0,Scout,9
238,Marshmallo1,0,0,,Armorsmith,6
239,gagevz,0,0,,Enderman,7
240,1RealJoker_,0,0,,Frog,4
241,BigMil123,0,0,1.0,Armorer,10
242,getlife,4,0,,Scout,1
243,DaRealGamerFox,2,0,,Slime,2
244,Dazais_skincrust,1,0,0.5,Knight,7
245,SkittleScrub,1,0,,Knight,11
246,HatedTurtle,1,0,1.0,Knight,3
247,Idksumname,0,0,,Frog,10
248,Clarifyy_NL,0,0,,Knight,6
249,SodaDotZip,0,0,,Energix,12
250,Wormy518,0,1,,Knight,9
251,FolizX,0,0,,Armorsmith,8
252,ZachMeister,0,0,0.0,Knight,5
253,ypmat,4,0,,Scout,1
254,masli,3,0,,Scout,5
255,Wolf1275,1,0,0.33,Armorer,4
256,Tavi_Simpaticul,1,0,,Armorsmith,3
257,savaria1698,0,0,,Armorer,7
258,ExecutiveMo,0,0,,Scout,9
259,Comicly_,0,0,,Ecologist,12
260,Arcticgames,0,0,,Scout,6
261,Amanduzz,0,0,0.33,Enderman,8
262,gagevz,0,0,,Enderman,11
263,MrButterfish,0,0,,Scout,10
264,Mobile_Maho,3,0,0.31,Armorsmith,2
265,Hicks_,3,0,,Knight,5
266,KoLLinZ,3,0,,Scout,1
267,TigerDude69,1,0,,Knight,9
268,jeveryYT,1,0,,Frog,6
269,spyal,0,0,0.0,Armorer,7
270,Magicpan_T,0,0,0.67,Scout,11
271,IrfanGamer3,0,0,0.29,Armorer,3
272,RichardDavi_YT,0,0,,Ecologist,12
273,grieferknight,0,0,,Fisherman,10
274,vintegr001,0,0,,Scout,8
275,IPGGG,7,0,,Scout,1
276,ThePsychoDino,1,0,0.55,Scout,5
277,DabinOx,1,0,,Armorer,2
278,The_Cosmic_Meal,1,0,0.0,Knight,3
279,gagevz,1,0,0.33,Armorer,4
280,savaria1698,0,0,,Armorer,8
281,DarkeZzZz007,0,0,,Knight,10
282,KaptainKryptic,0,0,,Frog,7
283,Tavi_Simpaticul,0,0,,Pro,12
284,IronEevee,0,0,,Knight,9
285,CritParticles,0,0,0.0,Pig Rider,6
286,__cb,5,0,0.2,Scout,1
287,AdamHunt2001,2,0,,Frog,2
288,mistahmina,2,0,,Farmer,6
289,NoLems,1,0,0.5,Scout,3
290,Mobile_Maho,0,0,,Armorsmith,4
291,thediamonder11,0,0,,Knight,5
292,Big_Boy_Dumb,0,0,,Enderman,10
293,MouseGod_,0,0,,Armorer,8
294,Marco1683,0,0,,Baseball Player,12
295,CakeVoid,0,0,,Pro,11
296,lilj45,0,0,,Pyro,9
297,HarrietStevens98,6,0,,Scout,1
298,Ottobro37,1,0,,Frog,9
299,JR_Noodles,1,0,,Knight,5
300,zezzv,1,0,1.0,Enderman,2
301,Burbclave,0,0,,None,12
302,TechnobladeT_T,0,0,,Armorer,7
303,Zhnd,0,0,,Armorer,8
304,dff4pro,0,0,,Pharaoh,4
305,zFabioZ,0,0,,Knight,6
306,SayaTokido,0,0,0.43,Knight,3
307,Scarvy_,0,0,,Knight,10
308,BenMendoza1998,5,0,,Scout,1
309,LURCKS,2,0,,Scout,5
310,7CpsWave,2,0,0.8,Frog,3
311,TigerDude69,1,0,,Knight,2
312,DarkWolfie_37,0,0,,Knight,9
313,piloish,0,0,,Knight,8
314,IrfanGamer3,0,0,,Armorer,4
315,KoLLinZ,0,0,,Scout,6
316,Gamer_power_GT,0,0,,Grenade,12
317,smoothryan02,0,0,,Armorer,7
318,dbyrne06,0,0,,Knight,11
319,drizzels,4,0,,Scout,3
320,deoScrolls,2,1,,Knight,1
321,Luixillo,1,0,0.5,Scout,7
322,MiguessoXD_,1,0,,Armorer,2
323,NUTU420,1,0,,Ecologist,10
324,givemeoerflux,0,0,,Knight,12
325,Abaraltman,0,0,,Frog,8
326,Holymole_,0,0,,Scout,11
327,Squ1rell,0,0,,Knight,4
328,submission,0,0,0.0,Farmer,9
329,luccafm1,0,0,0.44,Cannoneer,5
330,vlad_bulevard,5,1,,Armorer,2
331,PufferPLS,2,0,,Armorer,3
332,masli,2,0,,Scout,5
333,xXKanyeWest69Xx,1,1,,Knight,7
334,Trop14Z,0,1,,Frog,6
335,Its_Ptv_YT,0,0,,Scout,10
336,Vilad7,0,0,,Scout,8
337,DuckBridger,0,0,,Knight,12
338,igbloo,0,0,,Armorer,9
339,_Icecloud,0,0,,Pharaoh,11
340,TheFinalDarkness,2,0,,Frog,4
341,dnosaur,2,1,0.2,Ecologist,2
342,Jenthia,2,0,0.27,Armorer,1
343,Caedes,1,0,,Knight,6
344,Fuziqn,1,0,,Knight,5
345,Burbclave,0,0,,None,12
346,_lxm,0,0,,Knight,10
347,1jp_,0,1,,Knight,7
348,scorpi1,0,0,0.0,Knight,8
349,Efe_Ozcan,0,0,0.0,Knight,9
350,s22d_,0,0,,Scout,11
351,Especialty,5,0,0.5,Scout,1
352,MEHTHELLAMA,2,0,,Scout,6
353,SupremeWildBlaze,1,0,,Knight,2
354,evannkun,1,0,,Frog,3
355,alexgaming894,0,0,,Knight,5
356,44D1,0,0,,Pharaoh,7
357,Andi0816,0,1,0.29,Hunter,4
358,Blu_Dog92,0,0,,Pro,11
359,CalamityTingle,0,0,,Princess,10
360,ForeverDeceased,0,0,,Knight,9
361,Peezio,0,0,,Knight,12
362,skydud,3,0,0.57,Armorer,1
363,Outdted,2,0,0.0,Knight,3
364,Rawmon,1,0,,Armorer,2
365,ColdedHeart,1,0,0.53,Enderman,7
366,DolphaZ,1,1,0.0,Armorer,5
367,DinoDied,0,0,,Knight,4
368,tonganteli,0,0,,Knight,10
369,AteFoodToday,0,0,0.6,Grenade,12
370,_Cocytus,0,0,,Scout,9
371,The_Man31,0,0,,Armorer,11
372,Erockk_,0,0,,Armorer,8
373,phombo333,4,0,0.67,Armorer,1
374,Floani,2,0,,Knight,5
375,cliquy,2,0,1.0,Ecologist,6
376,hasheym,1,0,,Armorer,11
377,TheCriscoKidd,1,0,0.0,Knight,2
378,rykaii_,1,0,,Enderman,3
379,UknownGamer,0,0,,Pro,12
380,Froggysheb,0,0,,Frog,7
381,ETSO88,0,0,,Healer,9
382,TW_Redwizard,0,0,,Pharaoh,8
383,Shauly,0,0,,Knight,10
384,WoodenPen,4,1,,Farmer,1
385,Tertale,3,0,,Scout,2
386,whybad,2,0,,Scout,3
387,PotCounter,1,0,,Knight,7
388,catisback,1,0,,Armorer,6
389,Smakkaralisko,0,0,0.0,Frog,11
390,Vinopro,0,0,,None,10
391,CitrusBlox,0,0,,Speleologist,4
392,DanimalManDan,0,1,,Farmer,5
393,BE_slayer,0,0,,Enderman,8
394,carpsu,0,0,0.0,Knight,12
395,_MrSloth,4,0,,Knight,2
396,xKolian,2,1,,Enderman,3
397,juno0725,2,0,,Frog,1
398,EVTron,1,0,,Armorer,5
399,Coreano,0,0,,Scout,6
400,needlesstwice,0,0,,Scout,10
401,goldenhotdog,0,1,0.67,None,4
402,MegaMaximusTR,0,0,,Pro,7
403,EmeraldLIVE,0,0,,Armorsmith,12
404,FyNchil,0,0,0.25,Scout,9
405,Bora_h,0,0,,Scout,11
406,Olly_boy,4,0,,Enderman,1
407,Especialty,2,0,,Scout,9
408,taikisavage,1,1,,Farmer,8
409,AMGEDPLAYTAP,1,0,,Frog,4
410,KilledHim,1,0,,Hunter,5
411,Darkbluewhitie,1,0,,Energix,2
412,IndyPlays,0,1,,Farmer,7
413,Pneunomia,0,0,,Pharaoh,6
414,Loyac,0,0,,Armorer,11
415,Lil_Dog_X,0,0,0.63,Knight,3
416,bigpape14,0,0,,Pharaoh,10
417,_cyte,4,0,,Knight,1
418,ETSO88,2,0,,Frog,5
419,qGhostly,1,0,,Scout,7
420,sheeshcarlos,1,0,0.24,Enderchest,2
421,Skeleterno,1,0,,Baseball Player,9
422,komitee,1,0,0.14,Ecologist,4
423,T1ms1K,0,0,,Scout,12
424,EVTron,0,0,0.35,Knight,3
425,Kaykaze,0,0,,Frog,10
426,Arjonito,0,0,,Knight,8
427,CAIONTOP,0,0,,Ecologist,6
428,Iamthewafflegod,4,0,0.0,Knight,1
429,CarloooX,2,0,0.38,Knight,3
430,Snickle,1,1,0.4,Enderman,4
431,Sebi_was_taken,1,0,,Armorer,7
432,Noahiii,0,0,,Pig Rider,10
433,Abdu___,0,0,0.3,Hunter,2
434,Mayonoise7,0,0,,Pharaoh,12
435,Super7H,0,0,,Cannoneer,9
436,BigBrainIsKey,0,0,0.18,Ecologist,5
437,Robert_Andy,0,1,,Knight,8
438,Dihydrogen_,0,0,,Knight,6
439,IndyPlays,4,0,0.27,Armorsmith,1
440,xNexT,1,0,0.27,Enderman,3
441,BingBongBam,1,1,,Frog,9
442,Noka1924,1,0,,Armorer,5
443,EvilGingerEat,1,0,,Knight,8
444,BlasterGNC,0,1,,Knight,10
445,caiordbr,0,0,,Armorsmith,7
446,CHIMANSK,0,0,,Energix,11
447,rappeme,0,0,,Pharaoh,6
448,PSMoreira,0,0,,Pyro,2
449,GLXY_HOBO,0,0,0.0,Ecologist,12
450,LiquoTV,5,0,,Knight,1
451,Theophile,3,0,0.7,Knight,3
452,HarriFish,2,0,0.13,Knight,2
453,Fwoffyy,0,0,,Armorsmith,9
454,_cyte,0,0,,Knight,5
455,Sunjey,0,0,,Ecologist,11
456,Hqmmy,0,0,,Knight,12
457,Vuvw,0,0,,Pharaoh,6
458,chrs___,0,0,,Scout,8
459,creejud,0,1,,Knight,10
460,JJ4123,0,0,,None,7
461,Voxelity,4,0,,Armorsmith,1
462,Fwoffyy,1,0,0.23,Armorsmith,4
463,ARogueLlama,1,0,,Farmer,5
464,_SrDark,1,0,,Frog,7
465,creejud,1,0,0.25,Knight,3
466,TrueSilverWolf7,1,0,,Frog,6
467,Hqmmy,0,0,,Knight,12
468,Ptenchioo,0,0,,Frog,9
469,Vuvw,0,1,,Pharaoh,2
470,JJ4123,0,0,,None,8
471,WildCactus,0,0,,Knight,10
472,Sr7_,2,0,,Armorer,1
473,reeni,2,1,0.33,Knight,4
474,MiniGrill2020,2,0,,Jester,5
475,aboOodyaaa,1,1,,Farmer,6
476,Vimlaren,0,0,,Armorer,3
477,piloish,0,0,,Ecologist,11
478,hunter093,0,0,,Knight,8
479,notdrago,0,0,,Troll,7
480,way2up,0,0,,Scout,10
481,panos19,0,0,,Scout,12
482,LilMichaelScott,0,0,,Energix,9
483,McWafflesss,3,0,0.71,Hunter,2
484,howks,2,0,,Frog,4
485,MASKSMC,2,1,0.33,Armorer,1
486,Moldycheese328,1,0,,Knight,3
487,Lasagna1098,1,0,0.5,Knight,5
488,gamingllama1,0,0,,Knight,10
489,pristineslayer,0,0,,Knight,8
490,YumJ,0,0,,Knight,7
491,NotMemeBoi,0,0,,Scout,11
492,SlurpleBag,0,0,,Knight,9
493,FrostBites2602,0,0,,End Lord,6
494,Qudz,4,0,,Knight,1
495,_Zayde,3,0,,Knight,7
496,OoLunar,1,1,0.67,Armorer,2
497,Myhu_08,1,0,,Armorer,5
498,MASKSMC,1,0,0.13,Armorer,3
499,VladCH_peinsta,0,2,,Armorsmith,8
500,JayThaDemon,0,1,,Scout,9
501,tismsn,0,0,,Scout,11
502,Voxelity,0,0,,Knight,12
503,LostXOR,0,0,0.0,Armorer,6
504,LilMichaelScott,0,0,0.29,Knight,10
505,JayThaDemon,3,0,,Farmer,2
506,ADaola,3,0,,Ecologist,1
507,oJul1an,1,0,0.4,Knight,3
508,Burbclave,0,0,,None,12
509,WhyJustWhy2,0,0,0.0,Farmer,9
510,Swufs,0,0,,Knight,5
511,p1asma__,0,0,,Enderman,7
512,Lcgic,0,0,,Enderman,10
513,h1zek,0,0,,Scout,11
514,5treak,0,0,,Knight,8
515,WheezyMoss,0,0,,Pharaoh,6
516,thatBlitzo,5,0,,Frog,1
517,ItsN00B,2,0,,Knight,5
518,Hpyix,1,0,,Farmer,9
519,Lcgic,1,0,,Enderman,2
520,SmartsMagrts,1,0,0.21,Farmer,4
521,Burbclave,0,0,,None,12
522,shrax,0,0,,Enderman,11
523,YTFighter2168,0,0,,Enderman,8
524,trycs0,0,0,,Knight,7
525,crmsxn,0,0,,Knight,3
526,ProfPlumbum,0,0,,Frog,10
527,MegaAndBlazing,3,1,,Scout,1
528,Comsagnaths,1,0,,Knight,7
529,entendo187,1,1,0.0,Frog,2
530,ImmaBreadCat,1,0,,Knight,4
531,Dartified,1,1,,Knight,6
532,Burbclave,0,0,,None,12
533,Swufs,0,0,,Knight,10
534,Burny_XD,0,0,,Knight,9
535,King2Enderman,0,0,,Pro,11
536,smoie,0,0,,None,8
537,5treak,0,0,,Knight,5
538,NeDeshka,4,0,,Scout,1
539,Sunjey,2,0,,Ecologist,3
540,AruKaa__,1,0,0.0,Armorer,7
541,potion_master90s,1,0,,None,2
542,znal,1,0,,Pharaoh,6
543,jxnethegc,1,0,,Knight,5
544,byrong28,0,0,,Knight,11
545,Potato_Legend,0,0,,Knight,9
546,memesforlifezzz,0,0,0.0,Armorer,10
547,Glichkiller6483,0,0,,Knight,4
548,SenbonSakuraKage,0,0,,None,12
549,shrax,3,0,1.0,Enderman,6
550,Tanfish,3,0,,Knight,1
551,byrong28,2,0,,Knight,7
552,_Cocytus,2,1,,Scout,2
553,piloish,0,0,,End Lord,4
554,Go0dfella,0,0,,Frog,10
555,DepZky,0,0,,Farmer,9
556,MURCIELAG00S,0,1,,Armorer,8
557,C354R,0,0,,Ecologist,12
558,RainsOfficial,0,0,,Armorer,3
559,TheAllRuby,0,0,,Knight,11
560,Jakanader,4,0,0.0,Knight,2
561,69Giraffe69,3,1,0.25,Farmer,1
562,Smellerbee,1,0,,Enderman,10
563,goodbye_oreo,0,0,,Farmer,12
564,dropvape,0,0,,Baseball Player,4
565,KentuckyFriedMC,0,0,,Ecologist,8
566,tismsn,0,1,,Scout,5
567,Tortie_Cat,0,0,,Knight,7
568,bchfish,0,0,0.0,Knight,9
569,SimpJerry,0,0,,Energix,11
570,MASKSMC,0,1,0.41,Armorer,3
571,Cloudz,5,0,,Frog,1
572,Jpster_yt,4,0,1.0,Knight,4
573,vensives,1,1,,Farmer,5
574,Ianops,0,0,0.0,Energix,7
575,byrong28,0,0,,Knight,10
576,Apathytic,0,0,0.5,Armorer,9
577,padwan2,0,0,,Knight,11
578,Catah010,0,0,,Pro,6
579,Tortie_Cat,0,0,,Knight,8
580,NaeNaeGoAway,0,0,,Enderman,12
581,___Mario_____,0,0,,Frog,2
582,thunh,5,0,,Enderman,1
583,Term800,2,0,,Scout,3
584,Malbar_,1,0,0.5,Farmer,8
585,Big_M2405,0,0,0.0,Frog,7
586,Titan16K,0,0,,Knight,6
587,zeozic,0,0,,Cannoneer,5
588,APlayerUnnamed,0,0,,Knight,10
589,AP737,0,0,,Knight,11
590,Brendeen,0,0,,Scout,9
591,Catutu27,0,0,,Knight,4
592,FabriDaHusky,0,0,,Knight,12
593,Th3SamLady,6,0,,Scout,1
594,chroniikk,2,0,,Armorer,3
595,CRWGaming,1,0,1.0,Farmer,4
596,Cacon,1,0,,Scout,9
597,Flying_Axel_71,1,0,,Scout,10
598,TheOmniMan,0,0,0.0,Armorer,5
599,TylerBowen_YT,0,0,,Farmer,2
600,kewuu,0,0,,Frog,7
601,0_0Lemon,0,0,,Ecologist,12
602,NimthGodwit,0,0,,Pharaoh,8
603,DOOOOOOOOOOORITO,0,0,,Farmer,6
604,kubawara,3,0,,Scout,6
605,disipador,3,0,,None,3
606,Tadeomori,1,0,0.11,Scout,4
607,Rofor10,1,1,,Scout,7
608,Treynes,1,0,,Armorer,1
609,Rhemy,0,0,0.0,Scout,5
610,K1mton3,0,0,1.0,Scout,11
611,KL_RWHCz,0,0,,Armorer,10
612,MeDaBomb,0,0,,Enderman,8
613,Ohalr,0,1,,Knight,9
614,cqlr,0,0,,Scout,12
615,Rofor10,3,0,0.4,Scout,1
616,K1mton3,2,0,0.22,Scout,2
617,inmatsu,1,0,,Scout,4
618,TheOttomeme,1,0,0.2,Pharaoh,3
619,wsvz,0,0,,Cannoneer,12
620,INTJames,0,0,,Pharaoh,7
621,WH0ME,0,0,,Armorer,10
622,Yoghurt500,0,0,,Knight,5
623,GambleZZ,0,0,,Knight,6
624,ItzLinxy,0,0,,Armorer,8
625,Chris_Playz28,0,0,0.0,Knight,9
626,oXavier,4,0,,Knight,5
627,Dr_terria,4,1,,Enderman,1
628,Torsv,1,0,,Armorer,6
629,goofyKFC,0,0,,Knight,9
630,PaisleysRusher,0,0,,Knight,4
631,K1mton3,0,1,0.33,Scout,8
632,kubawara,0,0,1.0,Scout,11
633,jhsy2021,0,0,,Knight,10
634,264s,0,0,,Farmer,3
635,neo_01,0,0,,Knight,12
636,summerhopepai,0,0,,Knight,7
637,Mr_Egel,4,1,,Farmer,1
638,k1riak100,2,1,,Scout,2
639,Ganny_fren0911,1,1,,Knight,6
640,elsiemurray2009,1,0,,Knight,10
641,mimilSSB,1,0,,Armorer,4
642,yakimagur,1,0,,Scout,8
643,KL_RWHCz,0,0,,Armorer,12
644,Tr1lls,0,0,,Scout,11
645,J123456,0,0,,Ecologist,7
646,Ecstricity,0,0,,Knight,9
647,klyear_fariy,0,0,0.21,Scout,3
648,Z0NIT,5,0,,Knight,1
649,Vocz,3,1,0.5,Ecologist,3
650,RelaDaily,1,0,,Enderman,5
651,mr_purpel,0,0,,Knight,4
652,qlist,0,0,,Armorer,6
653,Catutu27,0,0,,Knight,2
654,YouareKind,0,1,,Scout,7
655,UtterlessCow,0,0,,Armorer,8
656,kouyouyama1,0,0,,Armorer,9
657,Sewilade,0,0,,Frog,10
658,jaki19vcgg,0,0,,Cannoneer,12
659,Titan16K,5,0,,Knight,1
660,kubawara,2,0,0.08,Scout,3
661,LamaRaid,1,1,0.67,Pro,2
662,DeadMike,1,0,,Armorer,4
663,xOmegaPig,1,0,,Knight,8
664,d0ub1e_4nd_a11,1,0,,Scout,7
665,Layny001,0,0,,Knight,10
666,MowTheLawn,0,0,,Ecologist,9
667,KSlasherX3,0,0,,Frog,5
668,hjljhkl,0,0,,Scout,11
669,Zenoriam,0,0,,Speleologist,12
670,LaneS2003,4,1,0.49,Baseball Player,1
671,cooldude80,2,1,0.13,Knight,4
672,athkiasaris1,1,0,,Armorsmith,7
673,LmateNoHomo,1,0,,Knight,8
674,BadToo,1,1,0.31,Knight,3
675,jesseplayz726,0,0,0.4,Fisherman,2
676,PileOfBodies,0,0,,Armorsmith,5
677,iJxson,0,0,,Grenade,6
678,LemenSuki,0,0,,Knight,12
679,marriot72,0,0,,Scout,11
680,atsuhiro1231,0,0,0.0,Knight,9
681,Condescendance,5,0,,Scout,1
682,yung_vipper,2,0,,Frog,4
683,erses,1,0,,Knight,7
684,Tavi_Simpaticul,1,0,,Enderchest,3
685,marcu_bedwars,0,0,,Knight,6
686,YERFAD,0,0,,Scout,10
687,KSlasherX3,0,0,,Frog,5
688,SleepyLove,0,0,1.0,Scout,11
689,d0ub1e_4nd_a11,0,0,,Scout,9
690,Frostics,0,0,,Knight,12
691,BadToo,0,0,,Knight,2
692,Xx3eOm3Try_K1dxX,4,0,0.31,Knight,1
693,bearski_,3,0,0.0,Knight,4
694,ggdn,2,0,0.17,Thundermeister,2
695,Epic_Gamer626,1,0,,Knight,8
696,Layny001,0,0,,Knight,10
697,The_Flower890,0,0,,Frog,9
698,milky_245,0,0,,None,12
699,KSlasherX3,0,1,,Frog,7
700,forgotten_slime,0,0,,Engineer,3
701,Plutyu,0,0,,Cannoneer,11
702,VinceWiz,0,0,,Knight,5
703,Skywarslnsane,8,0,,Frog,1
704,Loli_144gg,1,0,,Hunter,7
705,Kainaluu,1,0,,Knight,3
706,Ohalr,1,0,,Knight,11
707,edwarp,0,0,,Knight,12
708,emaNsdrawroF,0,1,,Salmon,10
709,TechnoKing,0,0,,Knight,8
710,KL_RWHCz,0,0,,Armorer,6
711,maya379,0,0,,Knight,5
712,kawaiihead,0,0,,Frog,9
713,Twlydp,0,0,,Salmon,4
714,Th3SamLady,4,1,,Scout,1
715,JR78,2,0,,Frog,2
716,owur,2,1,,Scout,4
717,C0rzz,1,0,0.0,Pharaoh,5
718,Alyuun,0,0,,Enderman,9
719,bornfrompain2005,0,0,,Knight,12
720,z1y0,0,0,,Scout,11
721,CraftTooHard,0,1,,Frog,7
722,Vitoo__,0,0,0.0,Knight,6
723,eldad_,0,0,,Scout,10
724,MemmaGuy,0,0,,Knight,8
725,6lbbaby,3,0,,Ecologist,1
726,ThreeBlockReach,2,0,,Farmer,3
727,bigdawgtechno,1,1,,Pharaoh,4
728,hullu,1,0,,Knight,2
729,chuey,1,0,0.0,Armorer,8
730,Stefi0,0,0,,Scout,10
731,oliverh2014,0,0,,Armorer,6
732,ApexRotary,0,0,,Scout,9
733,UNCLEpennybagz,0,0,,Knight,11
734,N1ckEXE,0,0,,Salmon,7
735,DS_QinTian,0,0,,Knight,12
736,9gxz,5,0,,Frog,1
737,MeltingBlocks,2,0,0.4,Knight,5
738,NEO_G_MiTThiLL,1,0,,Scout,3
739,ghtjason,1,0,,Armorer,4
740,RaKaSaMa,1,0,,Knight,6
741,HARUSAKU8639,0,0,,Armorer,7
742,xN_jinqen,0,0,,Frog,11
743,mornaja,0,0,,Scout,8
744,GearBox808,0,0,,Armorer,2
745,jolyndal,0,0,,Scout,10
746,qicuu,0,0,0.14,Knight,9
747,__Debster__,5,0,,Scout,3
748,lotionborp,4,0,0.67,Armorer,1
749,qafh,1,0,,Knight,7
750,ImReallyHaven,0,0,,Knight,2
751,focafino7,0,1,0.33,Knight,5
752,TheKorvstrogen,0,1,,Energix,6
753,PresidentElmo,0,0,,Enderman,12
754,Fox_fire999,0,0,,Disco,11
755,Distance_place,0,0,0.33,Disco,9
756,floupzy,0,0,,Armorer,8
757,Domka,0,0,,Enderman,10
758,uziwe,4,0,,Scout,4
759,ItsFrail,2,0,,Scout,1
760,Yuki3296,1,0,,Snowman,3
761,ApexRotary,1,0,,Scout,6
762,Weiwiew,1,1,0.24,Knight,2
763,p3jm3h,0,0,,Knight,7
764,CountingWithElmo,0,0,,Farmer,10
765,_un_de_rs_co_re_,0,0,0.0,Knight,9
766,Phlasc,0,0,,Armorer,12
767,_unflavored,0,0,,Armorsmith,11
768,WhisperBehindYou,0,0,,Scout,8
769,Weiwiew,3,0,,Knight,2
770,craftymogs,2,0,,Knight,1
771,Thermodynamic,1,1,,Knight,5
772,ausz,1,0,0.0,Armorer,6
773,emaNsdrawroF,0,0,,Scout,11
774,Stefi0,0,0,,Scout,9
775,MirroredSpace,0,0,,Scout,8
776,Skywarslnsane,0,0,,Frog,12
777,kr_fly_squirrel,0,0,,Scout,7
778,Phlasc,0,0,,Armorer,4
779,Maxscumbag,0,0,,Farmer,10
780,CraftTooHard,5,0,,Frog,1
781,Weiwiew,2,0,,Knight,2
782,Maxscumbag,2,0,,Farmer,4
783,Tolihwo,1,0,,Scout,6
784,Supearl,0,0,,Knight,11
785,BritainMan,0,0,,Knight,3
786,night_leaf_tw,0,0,,Knight,12
787,VA10R,0,1,,Scout,10
788,ben168,0,1,,Scout,8
789,Phlasc,0,0,,Armorer,5
790,X_Haarukka,0,0,,Armorer,9
791,Stefi0,4,0,0.42,Scout,2
792,DRAGONKAR,2,0,0.25,Enderman,6
793,ThePsychoDino,1,1,,Scout,7
794,Piaj,1,0,,Farmer,1
795,Lyea,1,0,0.22,Pyro,4
796,Elementors,0,0,,Scout,12
797,PeaceTechnoblade,0,1,,Knight,8
798,ghtjason,0,0,,Armorer,9
799,kuki004,0,1,,Scout,5
800,poopaydanoh,0,0,,Pro,11
801,oSDol_,0,0,,Baseball Player,10
802,iiSkinny,7,0,0.28,Scout,1
803,Piaj,1,0,,Farmer,2
804,oSDol_,1,0,,Baseball Player,3
805,Dusk8,0,0,,Farmer,12
806,iiSpade,0,0,,Scout,5
807,Randov0,0,0,,Scout,6
808,DarthLucas95,0,0,,Ecologist,4
809,SeniorBaton,0,2,,Knight,8
810,_unflavored,0,1,,Armorsmith,10
811,Moospy,0,0,,Knight,11
812,_masaya_,0,1,,Frog,7
813,XieHan1117,2,0,,Farmer,6
814,xkook,2,0,,Knight,4
815,QingfaIsmyson,2,0,0.0,Knight,1
816,GamesSamPlays,0,0,,Enderman,5
817,DrLama99,0,0,,Farmer,7
818,WEEBALO,0,0,,Armorer,12
819,Supearl,0,0,,Knight,11
820,PeakApex,0,0,,Enderman,9
821,DarthLucas95,0,0,,Ecologist,10
822,Meelad,0,0,0.47,Scout,2
823,dvvgxhyvh,0,0,,Armorer,8
824,Linqn,4,1,,Scout,1
825,ItaiNaim,2,0,,Knight,4
826,Swj0909,2,0,,Scout,3
827,PARK0UR,1,0,,Farmer,2
828,Pudding_cup_,1,0,0.0,Knight,5
829,Lemonnita,0,2,,Knight,6
830,DukeRedwolf,0,1,,Scout,7
831,emaNsdrawroF,0,0,,Scout,12
832,VerdeDeParis,0,0,,Pro,8
833,peko_peko_lover,0,0,,None,10
834,dadiaoae,0,0,,Armorsmith,9
835,Maxscumbag,3,0,,Farmer,1
836,VimersYT,2,0,0.67,Knight,4
837,SwagGamer2,1,0,,Knight,3
838,Raefywaffle,1,0,,None,2
839,mornaja,0,0,,Scout,12
840,Portfs,0,0,,Knight,7
841,Myanky,0,0,,Frog,11
842,Supearl,0,0,,Knight,10
843,DangerVID,0,0,,Frog,5
844,realCUYT,0,0,,Armorer,9
845,a2cal,0,0,,Healer,8
846,Smellerbee,4,0,,Farmer,1
847,VimersYT,2,1,,Knight,3
848,HARUSAKU8639,1,0,,Armorer,4
849,_NoHaxJustRod_,1,0,,Ecologist,5
850,Dr_FFF,1,0,0.0,Scout,6
851,MozartMit3Beinen,1,0,0.0,Knight,2
852,Tadeomori,0,0,,Scout,7
853,Darkrilasa,0,0,,Frog,10
854,huntermoyer,0,0,,Scout,12
855,Ajniskala,0,0,,Scout,9
856,Rnojeje0525,0,0,,Armorer,8
857,Manati,4,2,,Scout,2
858,PeaceTechnoblade,3,0,,Knight,1
859,ST_FleX,1,0,,Enderchest,6
860,zechy25,1,0,0.4,Knight,4
861,Kinsco,1,0,,Knight,7
862,SwagGamer2,0,0,,Knight,11
863,Lemonnita,0,0,,Knight,10
864,T_Tr4p,0,0,0.29,Knight,9
865,lotionborp,0,0,,Armorer,12
866,Pudding_cup_,0,0,0.44,Knight,3
867,Gilles539,0,0,0.11,Knight,5
868,nahor11,6,0,0.44,Knight,1
869,SwagGamer2,1,0,,Enderman,7
870,XZII,1,1,1.0,Armorer,2
871,MPSPAT,1,0,,Knight,8
872,hgsfd,1,1,0.09,Ecologist,3
873,PeepoSack,1,0,,Knight,9
874,ItaiNaim,0,0,0.33,Knight,5
875,T_Tr4p,0,0,,Knight,12
876,bradleyparker1,0,0,,Scout,10
877,little_burley,0,0,,Armorer,6
878,oFlamez_,0,0,,Knight,11
879,yPoH,3,0,,Scout,1
880,QuickSpace,2,0,,Scout,4
881,BadHog007,1,1,,Knight,8
882,VimersYT,1,0,,Knight,5
883,MaxMoso,1,0,,Enderman,2
884,Bikkie,1,0,,Scout,7
885,_M21,1,0,,Farmer,9
886,Codex_mc,0,0,,Pharaoh,11
887,Meerkatsayshi,0,0,,Farmer,12
888,yotonikoo,0,0,,Scout,10
889,deoScrolls,0,0,,Knight,3
890,PeaceTechnoblade,6,0,,Knight,1
891,nahor11,1,0,,Knight,4
892,tasye,1,1,,Scout,3
893,ChargedPine09,1,0,,Frog,7
894,Mypixel_,0,0,,Farmer,5
895,Frokli,0,0,,Scout,12
896,ImUFO,0,0,,Scout,8
897,DeadlyAndWild,0,0,,Scout,11
898,Temuch,0,0,,Scout,9
899,That1ScootBoi,0,0,,Frog,10
900,Elytrous,0,0,,Armorer,6
901,DanielFire65,5,0,0.5,Energix,1
902,ChargedPine09,3,0,0.67,Frog,3
903,white0269,1,0,,Pro,11
904,oojie,1,0,0.0,Ecologist,4
905,bornfrompain2005,0,0,,Ecologist,10
906,Frokli,0,0,,Scout,6
907,olebuba,0,0,,Enderman,12
908,Piaj,0,0,,Farmer,2
909,sotos356,0,0,,Knight,7
910,That1ScootBoi,0,0,,Frog,8
911,euminn,0,0,0.15,Knight,5
912,_xRqd,6,0,,Knight,1
913,Hinkeli_konkeli,1,0,,None,5
914,Enderliy,1,0,,Knight,4
915,Robyn920,0,0,,Salmon,10
916,BeWithMe,0,1,,Scout,6
917,kittycat272,0,0,,Armorer,12
918,AneJIcuH,0,0,,Scout,7
919,kosawleb_,0,1,,Pharaoh,2
920,iSeatz_,0,0,,Armorsmith,11
921,TechnoThePotato2,0,1,,Farmer,9
922,Ronnoc149,0,1,,Knight,8
923,AbigailRice1999,5,0,,Scout,1
924,KakaoMaelk_DK,2,0,,Knight,3
925,Nistan7,0,0,,Ecologist,11
926,lolthegames,0,0,,Frog,5
927,OuO_Pudding_TW,0,0,,Knight,6
928,bigglizzygamer,0,0,,Armorer,12
929,Bubo4Life,0,0,,Knight,2
930,chirdosrsa,0,0,,Jester,8
931,GCJ9,0,0,,Knight,7
932,BuboRules,0,0,0.0,Knight,4
933,Pxzza_,0,0,,Scout,10
934,DerpyAndOfficia1,8,0,,Scout,1
935,AbigailRice1999,2,2,,Scout,3
936,MeganeRain,1,0,,Armorsmith,2
937,Turnns,0,0,,Scout,10
938,AihamGamer1,0,0,,Farmer,7
939,TheFaramir,0,0,,Scout,12
940,yuto51450,0,0,,Armorsmith,9
941,mikkel12345,0,1,,Enderchest,5
942,ON_Vasdas,0,0,,Farmer,6
943,Sunillinosso,0,0,,Enderman,8
944,jfaj,0,0,,Frog,4
945,BlueTiger235,4,0,,Knight,1
946,AbaSaba,2,0,,Knight,8
947,TheFaramir,1,0,,Scout,5
948,apameaYT,1,0,,Scout,7
949,venti1576,1,0,0.33,Knight,2
950,hyakumansan,0,0,,Enderman,4
951,Trymbtw,0,0,,Ecologist,11
952,allen6668,0,0,,Ecologist,10
953,lil_bot_boy,0,0,,Knight,3
954,Xx_jazz_xX,0,0,,Farmer,9
955,Resinosa,0,0,,Knight,6
956,mrBear_gamer,3,0,,Speleologist,1
957,Klausenok,2,1,,Scout,2
958,Synthrow,1,1,,Enderman,3
959,pxqu4,1,0,,Knight,6
960,YuranYT__99228,1,0,,Scout,7
961,qGreek,1,0,0.5,Scout,4
962,oiram_17,1,1,0.33,Ecologist,5
963,Juanlol999,0,0,,Frog,12
964,forgeting,0,0,,Pharaoh,8
965,yuto51450,0,0,0.0,Armorsmith,10
966,Hyorogari,0,0,,Scout,9
967,forgeting,4,0,,Pharaoh,2
968,5_0ed,2,1,0.43,Knight,1
969,ESOSOGI,2,0,,Knight,4
970,shottong,2,0,,Enderman,5
971,clumsypigboy,0,0,,Knight,3
972,Zweibel_,0,0,,Farmer,6
973,allen6668,0,0,,Ecologist,10
974,Trymbtw,0,0,,Ecologist,7
975,yqmqi7,0,0,,Armorer,8
976,Doom_of_Doom100,0,0,,Knight,12
977,frznbear,0,0,0.0,Knight,9
978,Evannarrrr,7,0,,Frog,1
979,OnlyDog,1,0,,Armorer,4
980,SaLEHYT,1,0,,Farmer,10
981,H0tBaD,1,0,0.25,Scout,3
982,Lightning125328,0,0,0.67,Armorer,5
983,YazanEQadri,0,0,,Farmer,2
984,BoyWIthUkeToxic,0,0,,Scout,8
985,Taha_gamer3,0,0,,Farmer,7
986,jac_qui,0,0,,Enderman,6
987,OmegaZeroZ,0,0,,Armorer,9
988,Sp33d_,0,0,,Knight,12
989,iamnoob233,3,0,,Knight,2
990,taka0101,3,0,,Scout,3
991,_xRqd,3,0,,Knight,1
992,Un4v5s8gsVk9Xp,2,0,,Scout,6
993,thaaiszgtz,0,0,,Enderchest,7
994,Mhiw,0,0,,Knight,5
995,Pastil_,0,0,,Knight,4
996,ball5515,0,0,,Armorer,10
997,1tzParadise,0,0,,Pro,12
998,Pxzza_,0,0,,Scout,9
999,SlarX,0,1,,Disco,8
1000,awoogacory,4,0,0.33,Knight,1
1001,DodgieWolf,1,0,,Farmer,3
1002,Pastil_,1,0,,Knight,9
1003,DDinis4,1,0,0.0,Enderchest,2
1004,full_trap,1,0,,None,4
1005,Cookezman,0,0,,Frog,6
1006,IronSeerX,0,0,,Knight,7
1007,OliverZocktXD,0,0,,Armorer,11
1008,The_JCN,0,1,,Knight,5
1009,OMGItsPooPy,0,0,,Enderchest,8
1010,ytpidanek,0,0,,Enderman,12
1011,sallue,6,1,,Scout,1
1012,sejeMat,2,0,,Frog,10
1013,Mateka0130,1,0,,Frog,7
1014,amaterasss,1,1,,Knight,2
1015,Symfoma,1,1,0.29,Ecologist,3
1016,edward565,0,1,,Scout,11
1017,YD3m0nofevil,0,0,,Armorer,12
1018,xDestroyerxD,0,0,,Scout,8
1019,ChaosDarkness,0,0,0.0,Knight,6
1020,TiresomeBee,0,0,,Knight,9
1021,VexingBell5235,0,0,,Ecologist,5
1022,FURAire7,3,0,0.25,Scout,3
1023,RoseHoffman1998,3,0,,Scout,1
1024,in32,1,0,,Scout,6
1025,sallue,1,0,,Scout,7
1026,Siniku,1,0,,Scout,4
1027,Synthrow,0,0,,Enderman,2
1028,9l3a,0,0,,Farmer,11
1029,Earcel,0,0,,Scout,10
1030,Atomasz,0,0,,Armorer,8
1031,RemZis_,0,0,,Ecologist,12
1032,ph03nix_5ire,0,0,,Armorer,9
1033,41_0n,4,0,0.33,Knight,2
1034,zVessel,2,1,0.6,Knight,1
1035,AbaSaba,2,0,,Knight,7
1036,Mantyy,2,0,,Scout,8
1037,XERICKXCD2,1,0,,Armorer,3
1038,NgocToan_VN,0,0,,Ecologist,12
1039,Athezy,0,0,,Scout,11
1040,Earcel,0,1,,Scout,9
1041,Siusior123456,0,0,,Scout,10
1042,LACK_FOX799,0,1,0.67,Knight,6
1043,Bibos_,0,0,,Armorsmith,4
1044,stikitoBG,4,1,,Knight,1
1045,BreadAndCheese_9,2,0,,Farmer,4
1046,Mydist,1,0,0.69,Frog,6
1047,AwareSiren29315,0,0,,Healer,11
1048,Ab_NuNuN,0,0,,Scout,8
1049,Storm_B,0,0,0.0,Disco,10
1050,Csuper_,0,0,,Frog,2
1051,CapLaStreet,0,0,,Knight,9
1052,Crazper,0,0,,Snowman,5
1053,lowpex,0,0,,Chronobreaker,3
1054,StandMl,0,0,,Chronobreaker,12
1055,Captainshaani,5,0,0.3,Knight,1
1056,ClarkGamingYT,2,0,,Knight,6
1057,dumadorian,2,0,,Enderman,4
1058,JellyBe_4N,1,0,,Scout,5
1059,PICSIGOD,1,0,0.26,Frog,2
1060,Fairenoughpvp,0,0,,Scout,11
1061,Nivek_Armstrong,0,0,,Ecologist,7
1062,AdamrRazer,0,1,,Knight,9
1063,BoboBird,0,0,0.57,Scout,3
1064,TechnoKinGGG,0,1,,Scout,8
1065,FreddieDredd_,0,0,,Scout,12
1066,BapeB4,5,0,0.33,Armorer,1
1067,Fabara,3,0,,Slime,2
1068,Magnus_90,2,0,0.5,Scout,7
1069,Itzmy,0,0,,Frog,11
1070,Foxgamer20,0,0,,Armorer,12
1071,Watermelooon69,0,0,,Knight,9
1072,ehmad,0,1,,Frog,5
1073,_Nilo,0,0,,Chronobreaker,6
1074,PatrykHERE,0,0,,End Lord,8
1075,14x0,0,0,,Armorer,4
1076,HungerAnder,0,0,,Scout,10
1077,roenoe,3,0,0.8,Farmer,2
1078,Itz_Nal,2,0,,Chronobreaker,6
1079,dupreehIsTheGOAT,2,0,,Armorer,1
1080,WoodEra,1,0,0.33,Knight,8
1081,Dukus1,0,1,,Farmer,7
1082,Luka_IQ_,0,0,,Knight,4
1083,KmS_4,0,0,,Armorsmith,3
1084,kinmoretime,0,0,,Knight,9
1085,bossness9,0,0,,Knight,10
1086,Doomsayer,0,0,,Pro,12
1087,BarakUri,0,0,,Knight,11
1088,blyarss,4,0,0.0,Scout,1
1089,14x0,1,0,,Armorer,7
1090,puoskar,0,0,,Pharaoh,12
1091,plewed,0,0,,Knight,2
1092,its_luna082,0,0,,Frog,11
1093,legendarylogan88,0,0,,Pharaoh,8
1094,Malopora,0,0,,Pharaoh,10
1095,MsInfo,0,1,,Ecologist,6
1096,I_love_Uniform,0,1,0.4,Scout,5
1097,AB_Ratatouille,0,0,0.0,Knight,9
1098,JellyfishGhost5,0,0,,Armorer,3
1099,RComet,6,0,,Chronobreaker,1
1100,Aidanboy1351,1,0,,Armorer,5
1101,truskaweczka_,1,0,,Armorer,3
1102,xMart_,1,1,,Knight,4
1103,ezMaster_,0,1,,Scout,6
1104,iSamiz,0,0,0.0,Farmer,8
1105,wherekitty,0,0,0.4,Scout,9
1106,Magnus_90,0,0,,Thundermeister,2
1107,CataCombsGod,0,0,,Speleologist,12
1108,qObby,0,1,0.0,Knight,7
1109,Doomsayer,0,0,,Pro,11
1110,kyotears188,4,0,,Armorer,3
1111,MeeSlimey,3,1,,Frog,1
1112,Respawn_TW,2,0,,None,2
1113,decem1x,1,0,,Scout,7
1114,RastZZZ,1,0,,Scout,6
1115,Qronuz,0,0,,Knight,5
1116,Malopora,0,0,,Pharaoh,11
1117,UrMumLikesMqrxo,0,0,,Armorer,8
1118,PleaseTakeL,0,0,,Knight,10
1119,shoxlq,0,0,,Scout,12
1120,mistigram,0,0,,End Lord,9
1121,Gangulya,3,0,,Scout,1
1122,DragonShadowBoi,2,0,,Armorer,3
1123,Launce,1,0,,Scout,6
1124,Panda2lightning,1,0,0.0,Knight,2
1125,Angrykidz3,1,1,,Slime,4
1126,R9_6900X,1,1,,Ecologist,5
1127,Soheib_King,0,0,,Farmer,11
1128,UrMumLikesMqrxo,0,1,,Armorer,7
1129,RastZZZ,0,0,,Scout,12
1130,nvvchsdemise,0,0,,Knight,10
1131,JellyfishGhost5,0,0,,Armorer,9
1132,xabbi,5,1,,Chronobreaker,1
1133,KingPosh,2,1,0.0,Chronobreaker,4
1134,LuCiFer_gangster,1,1,,Scout,6
1135,TheLastGameX,1,0,,Armorer,5
1136,drubXD,1,1,1.0,Knight,8
1137,weeqle,0,1,0.5,Scout,7
1138,a_chez_guy,0,0,,Knight,11
1139,lobsterhunter3,0,0,,Armorer,10
1140,PUXPRO,0,0,,Scout,12
1141,lucasharris2014,0,0,,Knight,9
1142,Tqmatq,0,0,,Chronobreaker,2
1143,agroplayer,3,0,,Chronobreaker,1
1144,onemoretune,3,0,,Scout,3
1145,OnlyDog,1,0,,Armorer,2
1146,MinecraftGirqffe,1,0,,Knight,5
1147,3lk1,0,0,,Ecologist,9
1148,Taco_Mattos,0,0,,Ecologist,7
1149,PleaseTakeL,0,0,,Knight,12
1150,ItsArdi2019,0,0,,Scout,11
1151,ISHAWARMA,0,0,0.0,Armorer,6
1152,ForTheWinGaming,0,0,,Knight,4
1153,truskaweczka_,0,0,,Armorer,10
1154,Rylla,4,0,0.0,Scout,1
1155,zSimqm,3,0,,Knight,3
1156,Svenaage69,2,1,0.26,Knight,2
1157,GentleDragon,0,0,,Fishmonger,10
1158,dhiru,0,0,,Armorer,7
1159,CobelPvP,0,0,,Farmer,12
1160,lily_flower12,0,0,,Knight,9
1161,Mano55,0,0,0.13,Armorer,6
1162,BOngoTromme6,0,2,0.25,Knight,5
1163,TheWolfyMango,0,1,,Salmon,8
1164,blockirb,0,0,,Enderman,11
1165,Mamont228,4,0,,Frog,7
1166,101_101,3,0,0.5,Knight,1
1167,Masterix_,2,0,,Knight,5
1168,Delkaryon,1,0,,Ecologist,4
1169,GriffyPlaysMc,1,0,0.0,Armorsmith,6
1170,GamerYasin151,0,0,,Scout,9
1171,Astratus,0,0,,Frog,3
1172,Dengitron,0,0,,Frog,12
1173,Wildernesss,0,0,,Cannoneer,2
1174,Simse30,0,0,,Ecologist,11
1175,DragonShadowBoi,0,0,,Armorer,8
1176,shoxlq,4,0,,Scout,1
1177,Rylla,3,0,,Scout,3
1178,TheMarych,1,0,,Armorer,2
1179,lowpex,1,0,,Chronobreaker,4
1180,ploknight,0,1,,Knight,8
1181,SrCrazyPvP,0,0,,Armorer,11
1182,factory92,0,0,,Knight,12
1183,IWOMIX,0,0,,Knight,9
1184,ADSstupidcraft,0,0,0.17,Scout,7
1185,GamezZone_,0,1,,Scout,10
1186,unluving,0,0,,Armorer,6
1187,KingPosh,4,0,,Chronobreaker,2
1188,oSyl_,1,0,,Chronobreaker,6
1189,PalaJarrua,1,0,,Knight,5
1190,Summorial,1,1,,Cryomancer,8
1191,Salhza,1,0,,Chronobreaker,1
1192,LilTjay1,1,0,,Ecologist,9
1193,tlxmas,0,0,,Pro,7
1194,bockybricks,0,0,,Scout,3
1195,SilentTOP,0,0,,Scout,10
1196,Doomsayer,0,0,,Pro,12
1197,CalledYarij,0,0,,Ecologist,11
1198,akasakaa,4,0,,Frog,1
1199,FriedMeatball,2,0,,Ecologist,2
1200,DuelHeadedEagal,1,0,,Armorsmith,4
1201,kadishman,1,0,,Farmer,5
1202,Dengitron,1,0,,Frog,7
1203,A9r,0,0,,Farmer,6
1204,oroszlaN99,0,0,0.25,Knight,3
1205,Despixler777,0,0,,Knight,11
1206,Rylla,0,0,,Scout,12
1207,_Exhausted,0,1,,Armorer,10
1208,FreshMaster,0,1,,Knight,9
1209,Ob5id14n,4,0,,Chronobreaker,1
1210,T3rn,3,0,0.0,Knight,5
1211,Casesoup,1,0,,Armorer,3
1212,MinecraftMrMe,1,0,,Chronobreaker,7
1213,ProTheGhoul698,1,0,,Knight,9
1214,waffle1236x,0,0,,Pro,4
1215,wMaddie,0,0,,Pharaoh,12
1216,MinecraftGirqffe,0,0,,Knight,10
1217,Wyliewoozle,0,0,,Armorer,8
1218,Yagenese,0,0,,Knight,2
1219,DinoPixeles,0,0,,Armorer,11
1220,Kolybe,4,0,,Chronobreaker,1
1221,Wolf_Boris,1,1,,Knight,6
1222,raiaprime,1,0,,None,3
1223,TheGreatSomes,1,0,,Magician,2
1224,Mpeos1234,1,0,0.1,None,4
1225,HunterJesse22,0,0,,Knight,7
1226,123combo_LZ,0,0,1.0,None,5
1227,Ob5id14n,0,0,,Chronobreaker,9
1228,TRJonSnow,0,0,,Farmer,10
1229,kaliopi05,0,0,,Knight,8
1230,Kolub1,0,0,,Chronobreaker,12
1231,PleaseTakeL,6,1,0.0,Knight,1
1232,aSpicyIndian,2,0,0.0,Chronobreaker,3
1233,Kalyes,1,0,,Knight,5
1234,A_EXE,1,0,0.0,None,7
1235,Cheboksar1,1,1,,Armorer,9
1236,L1ght1207,0,1,,Pharaoh,8
1237,Summorial,0,0,,Chronobreaker,12
1238,lifes1ck,0,1,0.13,Frog,2
1239,V0V0YT,0,0,0.33,Knight,4
1240,Ciassss,0,0,,Chronobreaker,11
1241,Nitron09,0,0,,Monster Trainer,6
1242,Kirvel,4,0,,Knight,1
1243,NotUres,3,0,0.0,End Lord,4
1244,I_Love_Sakura_,1,0,,Scout,2
1245,Rewardings,1,1,,Chronobreaker,5
1246,TheGreatSomes,1,0,,Fisherman,3
1247,Gillion,0,0,,Scout,8
1248,L1ght1207,0,0,,Pharaoh,12
1249,JO4UMYT,0,0,0.0,Ecologist,6
1250,mkfs_ext4,0,1,,Armorer,10
1251,Owcean,0,0,,Armorer,9
1252,DoItNowOrNever,0,1,,Ecologist,11
1253,MinecraftMrMe,3,0,,Frog,1
1254,Jppickscope,2,0,0.13,Farmer,2
1255,KaalkongenBob,1,0,,Ecologist,3
1256,ozyv,1,0,,Chronobreaker,4
1257,Gillion,0,0,,Pro,8
1258,Vinixsz,0,0,,End Lord,7
1259,Yan_Lee,0,0,,Frog,12
1260,Dakrkyoyo,0,0,,Knight,6
1261,Tekkze,0,0,,Cryomancer,11
1262,OkeyPro,0,0,,Enderman,9
1263,EvideDark,0,0,,Scout,10
1264,gfsx_,2,0,,Chronobreaker,4
1265,MuddyCupp,2,0,,Pro,2
1266,bajbye,1,0,,Chronobreaker,5
1267,Yan_Lee,1,0,,Frog,3
1268,Ololplopp,1,0,,Enderman,9
1269,AtomicF1ame,0,0,,Scout,11
1270,Ibtv,0,0,,Cannoneer,6
1271,Firedragon576,0,0,,Knight,12
1272,TigerVinceNV,0,0,,Knight,10
1273,TruebeanShown,0,0,,None,7
1274,Luka939,0,0,,Pro,8
1275,StaffdeMoses,2,0,,Knight,3
1276,xaIdAn_sTiNkSxx,2,0,,Armorer,6
1277,Karpysha,1,0,,Scout,2
1278,speedy_general,0,0,,Scout,10
1279,L1Que1,0,0,,Knight,7
1280,_berrys_,0,1,,Chronobreaker,8
1281,PeskyOutScope,0,0,,Armorsmith,12
1282,syN0Nyms,0,1,,Armorsmith,9
1283,Limoozaaa,0,0,,Scout,5
1284,Ahstrul,0,0,,Knight,4
1285,AlekDavid_,0,0,,Armorsmith,11
1286,Umeld,5,0,,Scout,1
1287,FlyDwen,3,0,0.33,Chronobreaker,2
1288,Dylllon,2,1,,Frog,4
1289,Aidanboy1351,0,1,,Armorer,6
1290,ZOIO_DD,0,0,,Knight,10
1291,AidenBatman77,0,0,,Pharaoh,11
1292,jujubean10000,0,1,,Frog,7
1293,Lsport476,0,1,0.0,Armorer,3
1294,Wildernesss,0,0,,Enderman,12
1295,TaxEvader11,0,0,,Farmer,8
1296,Systemee,0,0,,Disco,9
1297,Nice_Cole,5,0,,Chronobreaker,1
1298,Nicy_,2,0,,Chronobreaker,5
1299,XxPavelIsProxX,2,0,,Chronobreaker,2
1300,noclipCryptic,1,0,1.0,Chronobreaker,4
1301,Andi2707,0,0,,Armorsmith,3
1302,Discover_360,0,0,,Scout,7
1303,UnIock,0,0,,Knight,11
1304,hyaq,0,0,,Knight,12
1305,ulyjuh,0,0,,Armorer,9
1306,olvejet,0,0,,Knight,8
1307,lunlove,0,0,,Scout,10
1308,3loyMonya,7,0,,Frog,1
1309,azeMinn,1,0,1.0,Hunter,5
1310,_Godz1lla228_,1,1,,Scout,9
1311,Brakzala,1,0,,Armorer,4
1312,SizzlyGrizzly,1,0,,Knight,7
1313,xipison,0,0,,Frog,12
1314,Gillion,0,2,,Frog,8
1315,xRxvii,0,0,,Farmer,10
1316,Resikadorm,0,0,,Frog,11
1317,Co2H1,0,0,,Knight,6
1318,AlekDavid_,0,1,,Jester,3
1319,Gangulya,4,0,,Scout,4
1320,FZR_Assaf,2,0,,Ecologist,1
1321,degeneratt,1,1,,Scout,5
1322,ploknight,0,0,,Knight,12
1323,hypedd,0,0,,Scout,11
1324,eetuzle,0,0,,Knight,3
1325,LeynX,0,0,,Ecologist,8
1326,pxqu4,0,0,,Knight,2
1327,unshiba,0,0,,Zookeeper,7
1328,buttjo,0,0,,Farmer,10
1329,hunchou6,0,0,,Scout,9
1330,Swaggylax,4,0,,Frog,1
1331,shoxlq,2,0,0.25,Scout,4
1332,blockirb,1,0,0.33,Enderman,2
1333,Bundas_kenyer,1,0,0.0,Knight,5
1334,xChoccy_Milky,0,0,,Knight,7
1335,Bory_orb,0,0,,Pro,11
1336,MN_FRAIZY,0,0,,Frog,10
1337,DJscull65,0,0,,Ecologist,9
1338,hyaq,0,0,,Ecologist,12
1339,Nm5lese,0,0,0.23,Chronobreaker,6
1340,TDinoRocks,0,0,0.0,Hunter,3
1341,SweetLadySean,6,0,1.0,End Lord,1
1342,ZOIO_DD,2,0,,Knight,5
1343,Sagie2011,1,0,,Slime,6
1344,NameMightBeTaken,0,1,,Armorer,3
1345,CheesyProfile,0,0,,Farmer,7
1346,ThatGuypal69,0,0,,Pro,9
1347,Yoroiichi,0,0,,Frog,10
1348,Robex1502,0,0,,Scout,2
1349,4Istylia,0,0,,Knight,11
1350,Lolx06,0,0,0.33,Armorer,8
1351,GoldenBoy217,0,0,,Ecologist,12
1352,Sergej1234,4,0,,Knight,1
1353,Xfest76,4,0,,Scout,2
1354,Summorial,1,0,,Scout,8
1355,Warzel_,0,1,,Scout,5
1356,xRxvii,0,0,,Farmer,7
1357,Gangulya,0,0,,Scout,10
1358,Dodgy_Doge,0,0,,Knight,6
1359,bogi_batina,0,0,,Armorer,9
1360,akasakaa,0,0,,Frog,11
1361,kuaidiaaaaa,0,0,,None,3
1362,Doomsayer,0,0,,Pro,12
1363,TRIL0GY,5,0,,Scout,1
1364,quarboss,2,1,0.5,Knight,4
1365,speedy_general,1,0,,Scout,7
1366,SpaceCrumbles11,1,0,,Ecologist,10
1367,lego51,1,0,0.4,Ecologist,3
1368,belligerent_,0,0,,End Lord,12
1369,CheesyProfile,0,0,0.0,Farmer,6
1370,ChaunceMarteen,0,0,,Enderman,2
1371,_Maximan4ik_,0,0,,Scout,11
1372,bridging_,0,0,,Ecologist,9
1373,OhCop,0,0,0.0,Enderchest,5
1374,Alw4ysBeFun,3,0,,Frog,2
1375,DerpKingNico,2,0,0.2,Armorsmith,1
1376,Zppy_,1,0,,Enderman,6
1377,really_GOOSE,1,0,0.5,Scout,8
1378,NvXDrIp,1,0,,Scout,3
1379,Panther6254,0,0,,Enderman,11
1380,Aliz537,0,0,,Knight,5
1381,Darius250game,0,0,,None,4
1382,BlueFire671,0,0,,Chronobreaker,7
1383,UnavailableDucks,0,0,,Enderchest,12
1384,IceCube555,0,0,,Knight,9
1385,mxtho,4,0,0.0,Armorer,2
1386,Salhza,2,0,,Chronobreaker,1
1387,Valamar,2,0,0.33,Chronobreaker,5
1388,Nick_2303,1,0,,End Lord,4
1389,oMattie,1,0,,Knight,6
1390,spectation,0,0,0.43,Chronobreaker,3
1391,Nyiicks_,0,0,,Scout,10
1392,degeneratt,0,0,,Scout,11
1393,ktej,0,0,,Cryomancer,12
1394,SizzlyGrizzly,0,0,,Knight,9
1395,80pr,0,0,,Knight,8
1396,oMicro,4,0,0.73,Knight,1
1397,swifter,2,0,0.0,Fisherman,3
1398,_Maximan4ik_,2,0,,Scout,6
1399,farclas70,1,0,,Knight,2
1400,Aliz537,0,0,,Knight,7
1401,ElyTheAlpha,0,0,0.25,Frog,4
1402,TaazMC,0,0,0.0,Thundermeister,5
1403,Shard28,0,0,,Pro,12
1404,faelrange_,0,0,,Pharaoh,9
1405,Zerrotic,0,0,,Golem,8
1406,jobre70,0,0,,Armorsmith,11
1407,TRIL0GY,7,0,0.0,Frog,2
1408,Giakoumis123,2,0,,Snowman,1
1409,oMicro,1,0,0.33,Knight,6
1410,dqso,0,0,,Knight,7
1411,Kowa21,0,0,,Armorer,9
1412,Nyiicks_,0,0,,Scout,12
1413,Bogdanw18,0,0,,Cryomancer,10
1414,oGapL,0,1,0.17,Chronobreaker,3
1415,Akame8888,0,0,,Ecologist,8
1416,belam1,0,0,,Ecologist,5
1417,lazurd,0,0,,Pig Rider,4
1418,CosmicMeal,6,0,,Knight,1
1419,ThunderEgg101,2,0,,Chronobreaker,4
1420,Mkrer,1,0,0.18,Chronobreaker,3
1421,RedShalevG,1,1,,Chronobreaker,7
1422,Lucky_Wqlff,1,0,,Knight,6
1423,smudgeandfrostie,0,0,,Frog,12
1424,mistahmina,0,0,,Farmer,10
1425,HyperKai82,0,0,,Frog,5
1426,SIMCIC,0,0,,Armorer,8
1427,TheGrassAlt,0,0,,Armorsmith,2
1428,RetroMines,0,0,,Chronobreaker,9
1429,xX_QWIKSC0PE_Xx,4,0,,Scout,1
1430,Afrody,2,0,0.0,Scout,3
1431,Wrly,1,0,,Chronobreaker,6
1432,I_love_Snakes,1,0,,Knight,2
1433,sgsss,0,0,,Scout,8
1434,fsbf,0,0,,Armorer,10
1435,opAngel,0,0,1.0,Chronobreaker,5
1436,IBionicPlays,0,0,,Energix,7
1437,Rand0om,0,0,,Knight,11
1438,Cogutes,0,0,,Ecologist,12
1439,derpy_fishy,0,0,,Pro,9
1440,lolocoelhoYT,3,0,,Armorer,1
1441,auvey,3,0,,Frog,2
1442,kaenz,2,0,,Armorer,6
1443,vinypvp,1,1,,Chronobreaker,3
1444,peaboi981,1,0,,Ecologist,5
1445,GetMirex,0,0,,Scout,10
1446,Coloone,0,0,,Frog,11
1447,Zyour,0,0,,Fisherman,4
1448,Asperguei,0,1,,Chronobreaker,7
1449,pyro_gcode,0,0,,Pharaoh,8
1450,tatp,0,0,,Armorer,9
1451,LilGet,5,0,,Scout,1
1452,ThunderEgg101,2,0,,Chronobreaker,6
1453,I_love_Snakes,2,0,0.19,Knight,2
1454,belam1,1,0,0.17,Ecologist,5
1455,winkey205,1,0,0.0,None,3
1456,GoldenAppleIV,0,1,,Knight,9
1457,wolphinmaybe,0,0,,Zookeeper,7
1458,HokageNadeey,0,1,,Knight,10
1459,Dein_Mutter,0,0,,Enderman,12
1460,eneago,0,0,,Farmer,8
1461,Thechapcraft,0,0,0.0,Armorer,4
1462,vinypvp,5,0,,Chronobreaker,1
1463,LiLBunty,1,0,,Knight,6
1464,RoseSmh,1,1,,Armorer,4
1465,D_JakDYcha,1,0,,Pharaoh,2
1466,Rxzvi,0,1,,Knight,5
1467,DJDiamond1907,0,0,0.0,Disco,3
1468,stxnzy,0,0,,Knight,8
1469,Treetoggled,0,0,,Knight,10
1470,Orgsey__,0,0,,Chronobreaker,9
1471,Doomsayer,0,0,,Pro,12
1472,HuyDarling,0,1,,Frog,7
1473,DIDIPOG_,4,0,,Farmer,3
1474,Lakepoook,3,0,,Armorer,1
1475,Gangulya,2,1,,Scout,4
1476,NatePlayerMrs,1,0,,Knight,7
1477,Mandolina_,0,0,,Chronobreaker,8
1478,BlueStick2,0,0,,Enderchest,9
1479,MasserM,0,0,,Scout,11
1480,Shane_MC,0,0,,Armorer,10
1481,P_TW,0,0,,Salmon,6
1482,bAckfLipfIsh,0,0,0.14,Armorer,2
1483,DemationBoi,0,0,,Frog,12
1484,nbi,6,0,0.17,Scout,1
1485,Isaacexe,1,0,,Scout,4
1486,Valamar,1,0,,Chronobreaker,6
1487,Gogogoene77,1,0,0.24,Chronobreaker,3
1488,Baug1,0,2,,Armorer,5
1489,Sapphire_915,0,0,,Armorer,10
1490,Da1chi,0,0,,Energix,9
1491,cuyrri,0,0,,Knight,8
1492,vickeblazik,0,0,,Cactus,7
1493,Quackerload,0,0,,Speleologist,12
1494,EvideDark,0,0,,Scout,11
1495,thealbert389,4,0,,Enderman,2
1496,SahatIsBad,3,0,,Chronobreaker,4
1497,ADirtBlock,1,0,0.29,Scout,1
1498,xCyber__,1,0,,Knight,5
1499,TacoJacks,0,0,,Knight,8
1500,Ohkaty,0,0,,Jester,7
1501,Racoooned,0,0,,Armorer,6
1502,RowlesKids,0,0,0.0,Hunter,3
1503,LentixWater,0,0,,Pro,9
1504,InsaneLagBack,0,0,,Farmer,11
1505,Doomsayer,0,0,,Pro,12
1506,DemationBoi,3,0,0.25,Frog,1
1507,Afrody,2,1,,Scout,3
1508,NathanWGHG,2,0,,Knight,4
1509,DeciSiv3,1,0,,Frog,6
1510,Da1chi,0,0,,Energix,9
1511,EpicDom50,0,0,,Scout,11
1512,PZ1Z,0,0,0.25,Pharaoh,2
1513,Fesenteav,0,0,,Scout,10
1514,Michael_Myerz,0,1,,Farmer,8
1515,ccookiess,0,1,,Hunter,7
1516,Doomsayer,0,0,,Pro,12
1517,Wrly,6,0,,Chronobreaker,1
1518,_iuv,2,0,,Scout,8
1519,SemaGold,1,0,,Scout,3
1520,bigbenyboo,1,0,,Armorer,9
1521,DIDIPOG_,1,0,,Farmer,4
1522,Goodngaming,0,0,0.5,Knight,6
1523,_213,0,0,,Frog,10
1524,Mandolina_,0,0,,Chronobreaker,11
1525,MissingHope,0,0,,Farmer,12
1526,LKH,0,1,,End Lord,5
1527,Cyberboy999,0,0,,Slime,7
1528,MyMomAteChicken,3,0,,Scout,1
1529,GoldenAppleIV,3,0,,Knight,5
1530,L1uk,2,0,,Scout,3
1531,EpicDom50,1,1,,Scout,8
1532,StillnotNamed,0,0,,Scout,9
1533,Tonnerolo,0,0,,Knight,11
1534,j5u,0,0,,Scout,7
1535,rn1o,0,1,,Enderman,4
1536,RobertoFTW,0,0,,Armorsmith,2
1537,FreeFT,0,1,,Armorer,6
1538,Doomsayer,0,0,,Pro,12
1539,oktopusik,5,2,0.4,Knight,2
1540,SoulFire15,1,1,,Scout,8
1541,Ch3ck1t,1,0,,Chronobreaker,4
1542,BoomBlast,1,0,,Ecologist,3
1543,Pyranafish,0,2,0.25,Knight,11
1544,F34R_69,0,1,,Chronobreaker,9
1545,farris09,0,0,,Armorer,7
1546,longstick3335,0,0,,Armorer,12
1547,ThatOneGuy161,0,0,,Frog,5
1548,MiThaXaCiNgX,0,1,0.0,Knight,10
1549,Timur_GamesYT,0,0,,Scout,6
1550,VodkaX_X,3,0,,Scout,2
1551,ProtoBaller,2,0,0.5,Knight,5
1552,Placke,2,0,,Armorer,1
1553,eyqx,1,1,0.0,Frog,3
1554,KaffeFilter,1,0,,Armorsmith,4
1555,Phlorf,1,0,,Chronobreaker,8
1556,zachhry,0,0,0.0,Farmer,9
1557,TooLit,0,0,,Chronobreaker,12
1558,soisomerandomkid,0,0,,Scout,7
1559,TheMoldieBanana,0,1,,Chronobreaker,6
1560,bigbenyboo,0,0,0.0,Armorer,11
1561,Joshpacks,7,0,0.75,Knight,1
1562,X_MastrLuke_X,1,0,,Ecologist,6
1563,hunnidballr,1,0,,Knight,4
1564,The_Max_Hax,1,0,,Scout,2
1565,usamitch,0,0,,Baseball Player,7
1566,AngelB_,0,0,,Armorer,11
1567,Sealosaurus,0,0,0.17,Knight,5
1568,N0Duck,0,0,,Chronobreaker,9
1569,cllx,0,0,,Chronobreaker,10
1570,Frosty5022,0,1,,Pharaoh,3
1571,bigbenyboo,0,0,,Farmer,8
1572,FoxyKawaiiFan,7,0,,Frog,1
1573,piercerclown,2,0,,Knight,4
1574,ItzBlueBerryPie,1,1,,Farmer,7
1575,M4TZ3R4,0,0,,Armorer,10
1576,Houbz,0,0,,Frog,6
1577,Younety,0,0,,Knight,11
1578,Herbstprinz,0,1,,Knight,3
1579,FuntimeF0x,0,1,,Enderman,2
1580,EAOO,0,0,,Chronobreaker,8
1581,quarboss,0,0,,Knight,9
1582,Doomsayer,0,0,,Pro,12
1583,soisomerandomkid,2,0,,Scout,4
1584,Rewardings,2,0,0.33,Chronobreaker,1
1585,zachhry,1,0,,Farmer,7
1586,MrDust00,1,0,0.08,Energix,2
1587,Person456_,1,0,,Knight,5
1588,_PaulS,0,0,,Armorer,9
1589,JohnMarshall2007,0,0,,Knight,12
1590,A_EXE,0,0,,None,11
1591,Dude333yt,0,0,0.5,Knight,10
1592,Kinda_Epic,0,0,,Chronobreaker,8
1593,HottieNCurvy,0,0,,Armorer,3
1594,Lakepoook,3,2,,Armorer,2
1595,Delta,2,1,,Armorer,3
1596,_kaedeTsubasa,1,0,,Frog,6
1597,verysed,1,0,,Chronobreaker,5
1598,johden,0,1,,Enderman,7
1599,tombuldomuz,0,0,,Knight,4
1600,Rayrtix,0,1,,Farmer,8
1601,thesupergod1,0,0,,Knight,10
1602,EvideDark,0,0,,Scout,11
1603,VeryNermal,0,0,,Knight,9
1604,Doomsayer,0,0,,Pro,12
1605,Danjus,4,0,0.38,Chronobreaker,2
1606,aqichi,1,0,0.63,Knight,4
1607,Bptize,1,0,,Knight,10
1608,IlyEman,1,1,,Chronobreaker,1
1609,Scorpuiex,1,0,,Scout,3
1610,TheBobb,1,0,,Pro,5
1611,SuperStarFruit,0,0,,Farmer,11
1612,ExTermination67,0,0,,Frog,9
1613,Plundered,0,0,,Armorer,8
1614,_aPotato,0,0,,Farmer,12
1615,potat0tree,0,0,,Healer,7
1616,SoyKiroo,4,0,1.0,Ecologist,1
1617,Melon128_,3,0,,Knight,2
1618,Ceca_01,1,0,,Armorer,7
1619,Hamstered32,1,0,0.4,Armorer,5
1620,fk01x,1,0,,Pharaoh,3
1621,Emanuel10Meure_,0,0,,Ecologist,4
1622,Houbz,0,0,,Knight,11
1623,Smo0thyy,0,0,0.0,Pharaoh,8
1624,TechnoIsLoved,0,0,,Pharaoh,12
1625,TheSkeletonz3189,0,0,,None,6
1626,khloeMC,0,0,,Energix,9
1627,TheWolfyMango,5,0,,Chronobreaker,1
1628,SwiftSwordMC,2,0,0.67,Chronobreaker,5
1629,prqblematic,1,0,,Farmer,2
1630,Herbstprinz,1,0,0.0,Knight,3
1631,Interstellars,1,0,,Chronobreaker,4
1632,Alw4ysBeFun,0,0,,Frog,10
1633,_kaedeTsubasa,0,0,,Frog,11
1634,Ceca_01,0,0,,Armorer,12
1635,SnvCam,0,0,,Scout,7
1636,TapDap,0,0,,Knight,9
1637,Clynyx,0,0,0.0,Enderman,6
1638,_SkillAura_,4,0,,Knight,3
1639,Christinaha,2,0,,Chronobreaker,1
1640,alesxbdr,2,0,0.0,Ecologist,4
1641,Epideksios,0,0,,Scout,9
1642,johden,0,0,,Enderman,6
1643,RiptideII,0,0,,Frog,8
1644,DoppelGaemer,0,0,,Baseball Player,11
1645,Danjus,0,0,,Chronobreaker,7
1646,Doomsayer,0,0,,Pro,12
1647,potat0tree,0,0,,Healer,2
1648,NaZA14,0,0,,Ecologist,10
1649,WitherAyon,4,0,0.46,Knight,1
1650,itserocks,2,0,0.0,Knight,4
1651,SizzlyGrizzly,2,0,,Knight,6
1652,Tausyy,1,0,,Scout,3
1653,bsfs,1,0,,Ecologist,7
1654,JustKreem,1,0,0.0,Armorer,2
1655,Kafi10,0,0,,Magician,12
1656,CB_DA_BOSS,0,0,,Knight,8
1657,thanos8,0,0,,Armorer,9
1658,Chickynugget23,0,1,,Chronobreaker,5
1659,Daquaviouz,0,0,,Knight,10
1660,YTkezo,3,0,,Scout,4
1661,FqlconShock,2,0,0.11,Farmer,1
1662,AidenBatman77,1,0,,Pharaoh,2
1663,cha05_,1,0,,Pharaoh,5
1664,_SkillAura_,1,0,0.4,Knight,6
1665,Ultraniter,1,0,0.0,Frog,3
1666,trupoed,0,0,,Enderman,7
1667,Abeitsallergie,0,0,,Pharaoh,11
1668,CostcoCroissant,0,0,,Farmer,8
1669,Z1pponulle,0,0,,Scout,12
1670,gyyf,0,0,0.0,Armorer,9
1671,CanineGiraffe37,3,0,,Chronobreaker,4
1672,HUSSKEE,3,0,0.16,Chronobreaker,1
1673,Hunter96,2,0,0.13,Frog,2
1674,CosmicMeal,1,0,,Knight,5
1675,FrostedPancake,0,0,,Knight,11
1676,MatheMister_XYZ,0,0,,None,8
1677,A_14_Z,0,0,,Armorer,9
1678,CR72811,0,0,0.33,None,10
1679,Muddy_Duck69,0,0,,Knight,6
1680,ThDmndDstryr,0,0,,Knight,12
1681,MeisterFM,0,0,,None,7
1682,_Maximan4ik_,4,0,,Chronobreaker,1
1683,macek2005,2,0,,Scout,7
1684,4806,1,0,,Chronobreaker,6
1685,Somis13,1,0,0.42,Scout,2
1686,GodlyBiscuit,1,0,,Knight,4
1687,zAsKaA,1,0,,Farmer,3
1688,_kaedeTsubasa,0,0,,Frog,12
1689,vickeblazik,0,0,,Knight,11
1690,fennekoo,0,0,,Baseball Player,8
1691,LOOKING4EGFOWO,0,0,0.25,Knight,10
1692,1999rockss,0,0,,Frog,5
1693,Keyasset,3,0,1.0,Scout,1
1694,kilod1233,2,1,,Chronobreaker,2
1695,Veasper77,1,0,,Frog,5
1696,Epicmania,1,0,,Chronobreaker,6
1697,iDeeLReso,1,0,,Scout,3
1698,Gogogoene77,1,0,,Chronobreaker,4
1699,Suman666,0,0,,Knight,9
1700,strefka_konewka,0,0,,Knight,8
1701,Mostafa_Esam,0,0,,Farmer,7
1702,Doomsayer,0,0,,Pro,12
1703,Nywal,0,0,,Armorer,10
1704,sellkir,3,0,,Armorer,2
1705,MrGalaxy00,3,0,,Knight,3
1706,sellden,2,0,0.0,Enderman,7
1707,decem1x,1,0,,Scout,4
1708,Lakepoook,1,0,,Armorer,1
1709,99z_,0,1,,Knight,10
1710,JustACasualYT,0,1,,Knight,9
1711,DerpCookie_,0,0,,Frog,12
1712,Torpose,0,0,,Armorsmith,6
1713,StealthFalcon,0,0,,None,8
1714,Aselninjaiscool,0,0,0.0,Chronobreaker,5
1715,Streamhoddy,4,0,,Knight,1
1716,Seanoxel,2,1,,Knight,3
1717,NonVitalT,1,0,0.53,Knight,5
1718,dlbk,1,0,,Armorsmith,8
1719,AADIL_GAMER,1,2,,Knight,4
1720,Arlinchik,0,0,0.4,Ecologist,9
1721,CheatAndGetBeat,0,0,0.0,Knight,11
1722,MRCoppa,0,0,,Knight,2
1723,Busting_Bedrock,0,0,,Speleologist,7
1724,2kPvP,0,0,,Pro,12
1725,mvnke,0,0,,Chronobreaker,10
1726,UYDO,4,0,0.45,Chronobreaker,1
1727,MeChamavaToY,2,1,0.2,Scout,2
1728,Seanoxel,1,0,0.26,Knight,3
1729,Ciassss,1,0,,Chronobreaker,4
1730,jkubelik,1,0,,Farmer,5
1731,xMaficq,0,0,,Scout,9
1732,xzoise,0,0,,Knight,11
1733,Hiiroshii,0,0,,Ecologist,10
1734,Blixry,0,0,,Enderman,6
1735,SwordsLeo,0,0,0.25,Thundermeister,8
1736,Doomsayer,0,0,,Pro,12
1737,copeyfixxx,4,0,,Scout,1
1738,Air7,2,0,0.27,Knight,3
1739,Panda2lightning,1,0,,Knight,6
1740,joytimewolf,1,0,,Armorer,4
1741,UltrugamerPvP,1,0,,Zookeeper,2
1742,kilod1233,1,0,,Chronobreaker,5
1743,iaconn,0,0,0.33,Knight,10
1744,N3VEM,0,0,,Chronobreaker,7
1745,iBelieved,0,0,,Frog,12
1746,Silver_Tsunami,0,0,,Knight,9
1747,Edward114514,0,1,,Scout,8
1748,noclipCryptic,5,0,,Chronobreaker,1
1749,copeyfixxx,2,0,,Scout,5
1750,Henriquinidl01_,1,0,,Scout,8
1751,cesoboy,0,0,,Enderman,11
1752,Neon2Gamer,0,0,,Knight,6
1753,_Exsu,0,0,,Knight,4
1754,Loyaliteit,0,0,,Ecologist,9
1755,DashedShelff,0,0,,Scout,2
1756,chloay,0,0,,Scout,7
1757,Doomsayer,0,0,,Pro,12
1758,IlyULN,0,0,,Knight,10
1759,copeyfixxx,5,0,,Scout,1
1760,IonTech,3,2,,Frog,4
1761,KeyBoardCCT,1,0,,Scout,6
1762,atalie,0,1,,Armorsmith,3
1763,Ripulsion,0,0,,Scout,8
1764,OinZ_,0,0,,Armorer,12
1765,Epicmania,0,0,,Chronobreaker,7
1766,Mitch_Oscar,0,0,,Pharaoh,11
1767,oDekay,0,0,0.5,Healer,5
1768,Walties,0,0,,Knight,9
1769,NaZA14,0,0,,Ecologist,10
1770,decem1x,3,0,,Scout,2
1771,Edward114514,3,1,0.5,Scout,1
1772,Ayxno,2,0,,Armorer,4
1773,PacificRTX,0,0,,Chronobreaker,11
1774,johden,0,1,,Enderman,6
1775,Summorial,0,0,,Scout,9
1776,evarodriguez1998,0,0,,Knight,5
1777,vsky13,0,0,,Enderman,8
1778,SweetLadySean,0,0,,End Lord,10
1779,N0LY,0,0,,Chronobreaker,7
1780,Doomsayer,0,0,,Pro,12
1781,mlqhx,3,0,,Knight,2
1782,johden,2,0,,Enderman,3
1783,YouLackMelanin,1,0,,Knight,10
1784,PilBerry,0,0,,Knight,5
1785,SONICUNLESHED21,0,0,,Chronobreaker,7
1786,KeyBoardCCT,0,1,,Scout,9
1787,LiterallyDan,0,0,,Armorer,4
1788,higspeed,0,0,,Knight,6
1789,Koudelka126,0,0,,Pharaoh,8
1790,kilod1233,0,0,,Chronobreaker,12
1791,Nywal,0,1,,Armorer,11
1792,STAYEZ,6,0,,Scout,1
1793,jblego10,1,0,,Farmer,7
1794,Zurtlez,1,0,0.33,Farmer,4
1795,cllx,1,0,,Armorsmith,3
1796,OTBET,0,0,,Monster Trainer,12
1797,Gabry_56,0,2,,Chronobreaker,5
1798,_ResourcePack_,0,0,,Armorer,10
1799,The_Trax,0,0,,End Lord,8
1800,Aaarin,0,1,,Chronobreaker,2
1801,Ran_pan,0,0,,Armorer,11
1802,AestheticMo0n_,0,1,,Knight,6
1803,ohdo,3,2,,Knight,3
1804,Placke,3,0,0.0,Armorer,1
1805,BapeB4,2,0,,Chronobreaker,4
1806,DarkGamer,0,0,,Scout,7
1807,Tybuddy_123,0,0,,Knight,12
1808,DarkGl1tches,0,0,,Knight,11
1809,xdshadow269,0,0,0.0,Frog,6
1810,MINCRAFTPRO_28,0,0,,Knight,9
1811,FROG_IS_POG,0,0,,Armorsmith,8
1812,zerlian,0,0,0.36,Chronobreaker,2
1813,MrGalaxy00,0,1,,Knight,5
1814,oSkorpion,5,0,,Knight,2
1815,Tewqi,2,0,,Knight,6
1816,joytimewolf,0,0,,Armorer,10
1817,amehe,0,0,,Armorer,8
1818,Seanoxel,0,0,,Knight,11
1819,Aaarin,0,0,,Chronobreaker,4
1820,HyperHunny1406,0,0,,Enderman,7
1821,1999rockss,0,0,0.31,Frog,3
1822,Newt_God,0,0,,Knight,5
1823,Doomsayer,0,0,,Pro,12
1824,thelettereight,0,0,,Knight,9
1825,dentoid,5,0,,Scout,1
1826,strefka_konewka,1,0,,Knight,3
1827,1m_B0red,1,1,,Chronobreaker,2
1828,HotDogGaming111,1,0,,Chronobreaker,8
1829,ManFish101,1,0,,Energix,7
1830,HyperHunny1406,1,0,,Zookeeper,4
1831,Its_Tazit,0,0,,Knight,9
1832,KustHD,0,0,0.0,Scout,5
1833,SN0W1_,0,0,,Farmer,11
1834,Doomsayer,0,0,,Pro,12
1835,Mustishark,0,0,,Knight,10
1836,Jit12,3,1,0.42,Knight,1
1837,_s0wa_,2,0,,Frog,5
1838,CrazeCWolf,2,0,,Scout,2
1839,Zero_is_taken,1,0,,Scout,4
1840,OTBET,0,0,,Monster Trainer,12
1841,livali,0,0,,Armorer,11
1842,ItzSourPatchDude,0,0,,Armorer,8
1843,Maaaarcki,0,1,0.29,Knight,7
1844,PEAH903,0,0,,Ecologist,9
1845,Hightide1of5,0,0,0.22,Enderman,6
1846,Wiltor_,0,0,,Pro,10
1847,qLemon,4,0,0.0,Frog,2
1848,Summorial,3,0,,Chronobreaker,1
1849,Arlinchik,2,1,,Ecologist,5
1850,ketrick,1,2,,Frog,4
1851,WxnterMC,0,0,0.21,None,3
1852,IShowDoom,0,0,,Knight,11
1853,DragonZ_TH,0,0,0.0,Armorer,6
1854,xdColdClaw,0,0,,Armorer,7
1855,brendna,0,0,,Armorer,10
1856,Angryface_,0,1,,Scout,9
1857,Doomsayer,0,0,,Pro,12
1858,Dodgy_Doge,4,1,,Jester,1
1859,gxrephia,2,0,,Knight,2
1860,setaxz,1,0,,Frog,6
1861,IShowDoom,1,0,,Knight,3
1862,ScaredByMaje,1,0,,Knight,5
1863,livali,0,0,,Armorer,9
1864,ItzSourPatchDude,0,0,,Armorer,10
1865,dg8__,0,0,,Chronobreaker,4
1866,_aPotato,0,0,,Farmer,11
1867,rh56,0,0,,Knight,7
1868,DragonShadowBoi,0,0,,Armorer,8
1869,qLemon,5,0,,Frog,1
1870,ScaredByMaje,2,0,,Knight,4
1871,255EzzLefty,1,0,,Armorer,6
1872,weeqle,1,0,,Scout,2
1873,LiquidOats,1,2,,Chronobreaker,3
1874,xOwner,0,0,,Armorer,10
1875,AssasionKillerXL,0,0,,Frog,7
1876,S0tsy,0,0,,Knight,5
1877,BOngoTromme6,0,1,,Knight,9
1878,DoomSpireCraft,0,0,,Scout,8
1879,Doomsayer,0,0,,Pro,12
1880,Sqlwin,5,0,0.4,Scout,1
1881,__Acrylic,3,1,0.23,Scout,3
1882,The1cookie,1,0,0.17,Armorer,2
1883,__Skies,0,0,,Knight,10
1884,smortkidd,0,0,0.5,Knight,6
1885,sinfalse,0,0,0.0,Armorer,7
1886,Dandan05,0,1,,Enderman,8
1887,BowserMaker,0,0,,Enderman,4
1888,p0lee,0,0,,Frog,11
1889,Doomsayer,0,0,,Pro,12
1890,NoturnoSuper69,0,0,0.0,Scout,9
1891,Wrly,6,1,,Chronobreaker,1
1892,bbcookie00,4,0,0.0,Jester,2
1893,ZEN0SIDE,0,0,,Enderman,6
1894,SenhorGalaxy,0,0,,Knight,12
1895,iHeqvn,0,0,,Armorer,8
1896,ErnestitoUwUchan,0,1,,End Lord,10
1897,OutLife,0,0,,Farmer,9
1898,SupernovaB87,0,1,,Baseball Player,11
1899,IShowDoom,0,0,,Knight,3
1900,oGapL,0,0,,Chronobreaker,4
1901,TisCloud,0,0,,None,7
1902,Lakepoook,5,0,,Armorer,1
1903,xpernzzzz,2,0,,Scout,6
1904,Miinorii,1,1,,Ecologist,3
1905,ItzYasha,1,0,,Enderman,2
1906,Rom1790,1,0,0.33,Armorsmith,5
1907,Zielony_Samuel,1,0,1.0,Knight,10
1908,Hiiroshii,0,0,,Knight,4
1909,Alksnis,0,0,,Scout,7
1910,bridging_,0,1,,Ecologist,11
1911,ySasag777_,0,0,,Ecologist,12
1912,ItzDantheMan,0,0,,Enderman,8
1913,DragonZ_TH,2,0,,Armorer,6
1914,_eidam_,2,0,,Farmer,1
1915,20cooper14,2,0,,Knight,3
1916,dg8__,1,0,0.33,Chronobreaker,7
1917,yKaykyGames,1,0,,Slime,4
1918,derpyxx,1,0,,Speleologist,5
1919,Propsea,0,0,0.2,Enderchest,2
1920,D1NAYZ,0,0,,Scout,10
1921,DerpCookie_,0,0,,Frog,11
1922,popbob_real,0,0,,Scout,9
1923,bridging_,0,0,,Ecologist,12
1924,Akatsuki_Leader,3,0,,Frog,1
1925,Hossein_King,2,0,0.33,Pharaoh,2
1926,Scopes_0,2,0,,Knight,3
1927,BuchieGott,1,0,,Knight,7
1928,Roxcraft2142,1,0,,Scout,8
1929,batttt,0,0,,Frog,11
1930,Invixtus,0,0,,Cannoneer,10
1931,XCTF,0,0,,Scout,12
1932,KustHD,0,1,,Scout,6
1933,ManTyz,0,0,,Ecologist,4
1934,Mi_Mou,0,0,,Knight,9
1935,Luke960,5,0,,Enderman,5
1936,rhyp,3,0,0.17,Chronobreaker,1
1937,Im_in_Trouble,2,0,,Chronobreaker,2
1938,FrostedPancake,0,1,,Knight,7
1939,ketrick,0,1,,Frog,8
1940,IaIaland,0,0,,Scout,4
1941,Spareteacher,0,0,,Scout,12
1942,Tubeseekee,0,1,,Healer,9
1943,Cyrion,0,1,0.39,Hunter,3
1944,aaraXD,0,0,,Scout,11
1945,flapxz,0,0,,Chronobreaker,10
1946,cLoud177rr,4,1,0.2,Scout,1
1947,Judahcator,1,0,0.0,Zookeeper,6
1948,LakQi,1,1,0.25,Knight,3
1949,meatwad327,1,0,,Armorer,4
1950,HowGroot,1,0,,Enderman,5
1951,OriginalHCF,1,0,,Knight,9
1952,HowCombo,1,0,,Scout,11
1953,lordlom,0,0,,Armorer,12
1954,Star_3,0,0,0.0,Farmer,8
1955,bridging_,0,0,,Ecologist,7
1956,MeXC1,0,0,,Scout,10
1957,dpedrok,4,0,0.0,Scout,1
1958,Daddy_Zainiac495,1,0,1.0,Knight,9
1959,EVTron,1,0,0.0,Energix,10
1960,_Henta1__,1,0,,Knight,4
1961,_Satur_n,1,0,,Knight,2
1962,_Maximan4ik_,1,0,,Scout,8
1963,rswqu,1,0,,Armorer,7
1964,OTBET,0,0,,Monster Trainer,12
1965,Kendrhell,0,1,0.25,Knight,3
1966,Dify__,0,0,,Chronobreaker,6
1967,LOLOLOOLOLSHADOW,0,0,,Chronobreaker,5
1968,TRIL0GY,6,0,,Frog,2
1969,TheDeadKitty,3,0,0.0,Scout,1
1970,2x57,1,1,,Armorer,4
1971,_FIMKA,1,0,,Scout,6
1972,bigty555,0,0,,Farmer,8
1973,drbandzz,0,0,,Chronobreaker,5
1974,2x58,0,0,,Enderman,7
1975,CostcoCroissant,0,0,,Salmon,9
1976,bxnyy,0,0,,Armorer,10
1977,MeXC1,0,0,,Knight,12
1978,dpedrok,0,0,,Scout,11
1979,TheCraftyDan,4,0,0.43,Armorer,1
1980,OFBSJ,2,0,1.0,Frog,5
1981,Kendrhell,2,0,,Knight,2
1982,Idislikedefendin,1,0,0.31,Knight,4
1983,DerpKingNico,0,0,,Armorsmith,10
1984,hokhokGamer2727,0,0,0.0,Zookeeper,3
1985,ImTheMonke,0,0,,Knight,6
1986,DiaStarz,0,0,,Ecologist,7
1987,DaddyGumse,0,0,,Ecologist,12
1988,SJ3498,0,0,,Frog,9
1989,NotAlqn,0,0,,Speleologist,11
1990,O5_inevitable,4,0,,Chronobreaker,1
1991,wolloam7787662,2,0,0.0,Armorer,3
1992,Floridq,1,0,,Scout,5
1993,DvnEvndr,1,0,0.2,Pyro,4
1994,jordwan,1,0,,Knight,8
1995,G5pple,0,0,,Cryomancer,2
1996,glox322,0,0,,Knight,6
1997,Tomwan,0,0,,Chronobreaker,9
1998,_Sk1pyyy_,0,0,,Scout,10
1999,Fooming,0,0,0.4,Scout,7
2000,xDgaming64,0,0,,Knight,12
2001,BowMaster888,5,0,0.25,Knight,1
2002,Boogaba,2,0,0.5,Scout,3
2003,Thecrazypudding,2,2,,Chronobreaker,2
2004,EmerqldWither,1,0,,Scout,4
2005,UnbakedSnail830,1,0,,Ecologist,8
2006,Krispify,0,0,,Frog,7
2007,little_hoser,0,0,,Fisherman,5
2008,Iryshmac,0,0,,Baseball Player,10
2009,OxiMalakas,0,0,,Knight,12
2010,lastseen1yearago,0,0,,Armorer,9
2011,The4thDoor,0,0,,Frog,11
2012,Bartofsow,3,1,,Scout,1
2013,Math_Notebook,2,1,0.43,Frog,2
2014,RaydenQT,1,0,,Knight,9
2015,5ight,1,0,0.14,Armorer,6
2016,q1mplez,0,1,,Scout,8
2017,edaterphobic,0,0,,Ecologist,12
2018,F4LSER,0,0,,Frog,3
2019,Tarma3778,0,0,,Scout,11
2020,dinay,0,1,,Knight,7
2021,bigbenyboo,0,0,,Armorer,4
2022,steveveveveve_YT,0,0,,Scout,10
2023,KrazeACE,5,0,0.13,Scout,2
2024,Tobi1i,1,0,,Chronobreaker,9
2025,NoOrdinaryStix,1,0,,Chronobreaker,6
2026,double_like,1,0,,Pharaoh,1
2027,SaifMohDa,1,0,,Farmer,5
2028,KamikazeJAM_YT,1,0,0.17,Frog,4
2029,OTBET,0,0,,Monster Trainer,12
2030,q1mplez,0,0,,Scout,11
2031,hotsauce_the2nd,0,1,,Pyro,10
2032,JackPagwun,0,0,,Farmer,7
2033,SteelOrchid7505,0,1,,Healer,3
2034,agroplayer,3,0,,Chronobreaker,1
2035,bigbenyboo,2,0,0.0,Armorer,3
2036,BowMaster888,1,0,,Knight,4
2037,nottherealomom,1,0,,Ecologist,11
2038,KING1243,0,0,,Scout,5
2039,KubexioreczeQ,0,0,,Baseball Player,2
2040,EdytaKielawa,0,0,,Knight,6
2041,Doomsayer,0,0,,Pro,12
2042,ItzAl1ce,0,0,,Farmer,9
2043,Gwz_,0,0,,Knight,8
2044,HR_Snail,0,0,,Ecologist,10
2045,Crayonix,3,0,0.32,Chronobreaker,1
2046,CoolName__,2,0,,Chronobreaker,4
2047,Whiiskeey,1,0,,Armorer,3
2048,The4thDoor,1,0,,Frog,10
2049,InnuTheHotEboy,1,0,,Fisherman,2
2050,NavTheHotEgirl,0,0,,Snowman,7
2051,Luify,0,0,,Knight,9
2052,4fte,0,0,,Scout,6
2053,Logic56,0,0,,Pro,5
2054,KayLGF,0,0,,Knight,8
2055,Doomsayer,0,0,,Pro,12
2056,palnet,5,0,0.0,Chronobreaker,1
2057,KubexioreczeQ,2,0,0.38,Baseball Player,5
2058,Husky_AGP,1,0,0.37,Knight,2
2059,OTBET,0,0,,Monster Trainer,11
2060,PeidaNaoXRQ,0,0,,Scout,10
2061,XyxleyThePixel,0,0,,Enderman,7
2062,Itz_hot_raven,0,0,,Armorer,8
2063,tuna__exe,0,0,,Pro,9
2064,minamejef,0,0,0.31,Pro,6
2065,botie,0,0,,Ecologist,4
2066,Doomsayer,0,0,,Pro,12
2067,tryhwrd,3,2,,Scout,1
2068,Ispoved,3,0,0.0,Scout,5
2069,Baug1,0,0,,Armorer,3
2070,Graphiics,0,0,,Knight,11
2071,Frozyev,0,0,,Knight,7
2072,fishslayer769,0,0,,Armorsmith,9
2073,oberqx,0,0,,Armorer,6
2074,Doomsayer,0,0,,Pro,12
2075,pansxd,0,0,,Scout,10
2076,Supertansponge,0,1,,Magician,4
2077,Tahuh,0,0,,Frog,8
2078,BowMaster888,6,0,0.3,Knight,1
2079,KrazeACE,2,0,0.29,Scout,7
2080,Kaito273,1,0,0.75,None,2
2081,TroxxyApe,0,0,,Ecologist,5
2082,Graphiics,0,0,,Knight,10
2083,HobbylosNet3,0,0,,None,8
2084,uHarm,0,0,,Scout,11
2085,Jasoncool,0,0,,Scout,3
2086,Chrisi1504,0,0,0.0,Enderman,12
2087,Toadmeal,0,0,,Knight,6
2088,oday,0,0,,Knight,9
2089,Graphiics,5,0,0.18,Knight,1
2090,egorhik,3,0,0.57,Scout,2
2091,zDarkmatter,1,1,,Knight,6
2092,Pairl,0,0,,Chronobreaker,5
2093,Frozyev,0,0,,Knight,10
2094,Sammyk500,0,0,,None,11
2095,MagicRayTrace,0,0,0.0,Scout,9
2096,EXA132,0,0,,Pig Rider,4
2097,ITZzAli,0,0,0.0,Enderman,3
2098,HungerAnder,0,0,,Scout,8
2099,Congradulations,0,0,,Frog,12
2100,gjapples,3,0,,Pharaoh,1
2101,Isakback,2,0,,Armorer,4
2102,NoOrdinaryStix,1,0,,Chronobreaker,6
2103,StayTqxic,1,1,,Armorer,8
2104,Vocxzyy,1,0,,Knight,7
2105,Gub24,0,1,,Armorer,9
2106,eyqx,0,0,,Frog,10
2107,DemationBoi,0,0,,Frog,5
2108,Matt123,0,0,,Armorer,2
2109,Doomsayer,0,0,,Pro,12
2110,aidrythecat,0,0,,Knight,11
2111,4806,3,0,,Chronobreaker,1
2112,Fooming,3,1,,Scout,4
2113,BowThai,2,0,,Armorer,2
2114,gjapples,1,0,,Pharaoh,6
2115,romwn,0,0,0.0,Ecologist,8
2116,Carcinogenesis,0,0,,Fishmonger,5
2117,scxut,0,0,,Scout,11
2118,Jiku0123,0,0,,Frog,10
2119,FrivGames,0,0,0.25,Knight,3
2120,Doomsayer,0,0,,Pro,12
2121,cylindercubed,0,0,,Knight,7
2122,dead_assassin,5,1,,Frog,1
2123,KamikazeJAM_YT,2,0,,Frog,2
2124,bossdogcopper,1,0,,Energix,4
2125,FragilesnowYT,1,1,,Scout,8
2126,Gub24,0,0,,Armorer,12
2127,Guja,0,0,0.0,Knight,5
2128,thealbert389,0,0,,Enderman,9
2129,P3rcy_,0,0,,Knight,10
2130,IronNolan,0,0,,Knight,11
2131,therekitty,0,1,,Scout,3
2132,_Mando_,0,1,,Enderman,6
2133,em3c,6,0,,Scout,1
2134,IGamerZ73,2,0,0.67,Enderman,2
2135,idkgamz,1,0,,Armorer,3
2136,ItIsGreen,1,0,,Knight,7
2137,Bird_Food,1,1,,Ecologist,5
2138,dog_e,0,1,0.33,Armorsmith,6
2139,bladeboynumber2,0,0,,Enderman,9
2140,Cytontric,0,0,,Farmer,12
2141,Jeronic,0,0,,Knight,4
2142,za_monster,0,0,,Knight,10
2143,AkfZoom,0,0,,Chronobreaker,8
2144,scxut,4,0,,Scout,1
2145,MaFia___,1,0,,Knight,7
2146,Skatrice,1,0,0.0,Knight,6
2147,SergeantUnicorns,1,0,0.2,Farmer,4
2148,Interstellars,1,1,0.33,Chronobreaker,2
2149,IronNolan,1,0,,Knight,5
2150,MetallicSaladFor,0,0,,Scout,10
2151,DarkSawk,0,0,,Knight,8
2152,kto_nadristal,0,0,,Scout,11
2153,Doomsayer,0,0,,Pro,12
2154,Cosmic1310yt,0,0,,Knight,9
2155,YoruMain1234,7,0,,None,1
2156,smpcd,1,0,,Armorer,6
2157,SpiffyKanger,1,0,0.13,Knight,4
2158,greencrayola,0,0,,Ecologist,8
2159,joaoMODS_,0,0,,Scout,10
2160,Pnuts21,0,0,,Knight,11
2161,strefka_konewka,0,0,,Knight,12
2162,Palmzy_,0,0,,None,5
2163,PonyaraKid,0,0,0.33,Frog,2
2164,Lord_Driiver,0,0,,Knight,9
2165,AmitAmitKing,0,0,,Ecologist,7
2166,_Hquk,3,0,,Chronobreaker,1
2167,PeidaNaoXRQ,2,0,,Scout,2
2168,yK_1,2,0,,Chronobreaker,4
2169,eyqx,1,0,,Frog,3
2170,oSkywars,1,0,,Chronobreaker,7
2171,OTBET,0,0,,Monster Trainer,12
2172,joaoMODS_,0,0,,Scout,10
2173,GmanShablam,0,0,,Enderman,5
2174,Ahaba_,0,0,,Knight,11
2175,Dani_OnBroadway,0,0,,Enderman,9
2176,botie,0,0,,Scout,6
2177,agroplayer,4,0,,Chronobreaker,1
2178,IlyPortret,2,0,0.2,Scout,3
2179,thanos8,2,0,,Armorer,4
2180,siiimon,1,1,,Enderman,6
2181,zlimpdex,1,1,0.46,Knight,2
2182,F4LSER,0,0,,Frog,9
2183,Notmatthew,0,0,,Knight,12
2184,Qydoz,0,0,,Armorer,7
2185,Mine_Fox_Studios,0,0,,Knight,10
2186,Carcinogenesis,0,0,,Fishmonger,5
2187,Gammeltomten,0,0,,Armorer,8
2188,ilovegreencars,7,0,,Knight,1
2189,OTBET,0,0,,Monster Trainer,12
2190,lil_haluz,0,0,,Scout,5
2191,anttqt,0,0,,Knight,9
2192,LegitLemons,0,0,,Frog,3
2193,Zerooxs,0,0,,Frog,4
2194,fwibbles,0,0,,Frog,11
2195,Kettui,0,0,,Cannoneer,6
2196,Gxiz,0,0,,Cannoneer,2
2197,L1nuxUser,0,0,,Knight,10
2198,VoRoBey564,0,0,0.25,Frog,8
2199,NxNamee,3,1,,Armorsmith,1
2200,Cyfix,3,0,,Knight,2
2201,Potato_Time,1,0,,Golem,10
2202,Coscia,1,1,,Scout,7
2203,ToningMonster,1,0,,Frog,4
2204,em3c,0,0,,Scout,11
2205,iDood,0,0,0.5,Knight,6
2206,OldProfile,0,0,,Armorer,12
2207,StaffdeMoses,0,0,,Knight,5
2208,Soccer123Gamer,0,0,,Knight,9
2209,demiansitoo,0,0,,None,3
2210,Taseh,4,0,,Zookeeper,1
2211,food_is_cool,1,0,0.5,Chronobreaker,2
2212,SurfingGhost,0,0,0.0,Knight,5
2213,oSmokeyy,0,0,,Enderman,7
2214,maxRJplayz,0,0,,Chronobreaker,3
2215,Pqrter,0,0,,Pharaoh,12
2216,FiestyRice,0,0,,Armorer,8
2217,L4TG,0,0,,Ecologist,9
2218,DarkSawk,0,0,,Knight,11
2219,InvisibleSquidd,0,0,,Knight,10
2220,OnFireOFC,0,0,,Scout,6
2221,SmokeBomb3768,2,1,0.4,Knight,3
2222,Taseh,2,0,,Zookeeper,5
2223,santayetty,1,0,0.44,Scout,2
2224,Z1pponulle,1,0,,Scout,6
2225,MaeloZ,1,0,,Frog,1
2226,alipoop,0,0,,Speleologist,10
2227,Click7284,0,0,,Scout,7
2228,oberqx,0,0,,Armorer,9
2229,AchilleanYT,0,0,,Pro,11
2230,StarManZee,0,0,,Frog,12
2231,bathtimejeff,0,1,,Chronobreaker,8
2232,Serodere,5,0,0.3,Chronobreaker,1
2233,GucciedV4,4,0,0.4,Armorer,2
2234,Yoshi294,1,0,0.56,Armorer,3
2235,Endicey00,0,0,,Frog,11
2236,PapaGuinea,0,0,,Knight,5
2237,EskiToggled,0,0,,Chronobreaker,6
2238,Denne,0,0,,End Lord,4
2239,Milk_spoon,0,0,,Knight,7
2240,BNathan,0,1,,Knight,9
2241,_BitxFrozen_,0,1,1.0,Armorer,8
2242,Luxford,0,0,,Frog,12
2243,DarkSawk,4,0,0.33,Knight,5
2244,DRKcrazykid,4,0,,Farmer,1
2245,Burger_Pie,2,0,,Armorer,2
2246,wifai,1,1,,Chronobreaker,3
2247,avreey,0,1,,Knight,4
2248,Enchantify,0,0,,Chronobreaker,12
2249,SnakeBiteYT,0,1,,Enderman,8
2250,Jasoncool,0,1,1.0,Scout,7
2251,Lukikes,0,1,0.67,Armorer,9
2252,YTFrostBite,0,0,,Scout,11
2253,Light_Bluee,0,0,,Nether Lord,10
2254,UltraEmma,7,0,,Scout,1
2255,Fuper_,2,0,,Pro,6
2256,Swaggylax,1,0,,Frog,10
2257,Blueeyegamer727,1,0,0.0,Chronobreaker,4
2258,BlobbyBobby_,0,0,0.2,Enderman,7
2259,scxut,0,1,,Scout,11
2260,HelplessEclipse,0,0,0.0,Pro,5
2261,MisinkoDolomit,0,0,,Armorsmith,2
2262,Nesquire727,0,0,,Healer,9
2263,Cyan_Storm189,0,0,,Armorer,12
2264,YT_TiTaN,0,0,,Pro,8
2265,_Hquk,3,0,0.5,Chronobreaker,1
2266,DortGen1527,3,0,,None,3
2267,ZeroSlaw222,1,0,,Knight,9
2268,Makhoto,1,0,,None,5
2269,Air29282,1,0,,Pyro,6
2270,lordoftheunivrse,0,0,0.0,Chronobreaker,11
2271,tikka16,0,1,,None,7
2272,mosesboo,0,0,,Armorer,12
2273,Arcais,0,0,,Scout,8
2274,Icewarrow,0,0,,Pharaoh,4
2275,PotatoGraphicsYT,0,0,0.0,Armorer,2
2276,LilMaax,5,0,,Scout,1
2277,MrQT,3,1,,Frog,4
2278,aico_o,2,0,,Farmer,6
2279,OTBET,0,0,,Monster Trainer,12
2280,agroplayer,0,1,,Scout,8
2281,DoctorParrot,0,0,,Knight,11
2282,moondrop_69,0,1,,Armorer,3
2283,Zero_is_taken,0,0,,Scout,2
2284,Gmaxsss,0,1,,Knight,10
2285,ihuys,0,0,,Pharaoh,9
2286,KelvinTheBear,0,1,,Scout,7
2287,pepemr,5,0,,Chronobreaker,1
2288,Gedrag,2,0,,Ecologist,2
2289,Yesterday_NT,1,0,,Ecologist,8
2290,AdamIsTrash,1,1,,Chronobreaker,3
2291,yisusgamer456,0,1,,Scout,9
2292,Derpy_Baby,0,2,0.5,Knight,5
2293,BoulyFTW,0,0,,Enderman,7
2294,SirGwenStacy,0,0,,Ecologist,12
2295,c0sa_,0,1,,Armorer,6
2296,TinyAnkylosaur,0,0,,None,4
2297,SrDumbo,0,0,,Scout,10
2298,castroeg,4,0,,Knight,1
2299,Villish,2,0,,Slime,4
2300,oThinks,2,0,,Chronobreaker,2
2301,MaxAttack38,1,0,,End Lord,6
2302,OTBET,0,0,,Monster Trainer,12
2303,xcomboedx,0,0,,Enderman,3
2304,ohdo,0,0,,Knight,11
2305,wfer,0,0,,Knight,7
2306,wickedblather,0,0,,Baseball Player,10
2307,y_yl,0,0,,Ecologist,5
2308,zRafinhaLoko,0,0,,Knight,8
2309,IBMPC,3,0,,Armorer,5
2310,SadFqsh,2,0,0.2,Chronobreaker,1
2311,opgamer21,1,0,,Knight,3
2312,ExTrupicioDoGrau,1,0,,Scout,4
2313,CoRRuPTeD_YT,1,0,,Pharaoh,7
2314,Jemo,0,0,,Chronobreaker,11
2315,Redirt,0,0,,Ecologist,8
2316,Wind35,0,0,,Armorer,10
2317,icklesauce,0,0,,Ecologist,12
2318,RockyStudios431,0,0,,Armorsmith,9
2319,Blueeyegamer727,0,0,,Chronobreaker,2
2320,Cowee_,4,0,,Chronobreaker,1
2321,Hallstain,3,0,,Scout,2
2322,hefise,2,0,,Scout,4
2323,snouvion,1,0,,Chronobreaker,6
2324,aico_o,1,0,,Farmer,3
2325,Player95,0,0,,Armorer,5
2326,breadrespecter,0,0,,Frog,7
2327,PJboiyo,0,0,,Knight,11
2328,ShanksDono,0,0,,Armorer,12
2329,dlbk,0,0,,Armorsmith,10
2330,RelentlessJ23,0,0,,None,9
2331,RYANSWAS,2,0,,Scout,2
2332,3ech,2,0,0.5,None,5
2333,GlubboBlubbo,1,0,,Engineer,4
2334,Denne,1,0,0.6,End Lord,1
2335,Nesquire727,1,0,,Healer,3
2336,PeidaNaoXRQ,0,0,,Scout,12
2337,dufflepud5,0,0,,Knight,6
2338,anomaroopa1717,0,0,,Knight,11
2339,RainnEX,0,0,,Chronobreaker,10
2340,iDyxver,0,0,,Knight,8
2341,Alhamdul,0,0,,None,9
2342,MasterCh1cken,2,0,0.25,Scout,3
2343,xabbi,2,0,,Chronobreaker,1
2344,TheCookiesKing,2,0,,Scout,5
2345,lilgrey11,1,0,,Pharaoh,2
2346,Justy289,0,0,,Knight,7
2347,Walter_hvid,0,0,,Knight,8
2348,Kenorbs,0,0,,Hunter,12
2349,gemirii,0,0,,Armorer,10
2350,PilotG,0,0,,Enderchest,6
2351,Walter_Junior,0,0,,Knight,9
2352,MCMonkeyKing,0,0,,None,4
2353,adamisfree,3,0,,Knight,1
2354,Nadelesc,2,0,,Armorer,4
2355,Manzur__,2,0,0.0,Speleologist,3
2356,LHMSprank,1,0,,Jester,5
2357,ezMaster_,0,0,,Scout,10
2358,3THAN__,0,0,,Batguy,12
2359,Harrot,0,0,,Pro,7
2360,Tibo_vw,0,0,,Pro,9
2361,Yeled_Yeh00di,0,0,,Knight,2
2362,Gogogoene77,0,0,,Chronobreaker,11
2363,saryuuu,0,0,,None,8
2364,TheHyperZombie,5,0,0.0,Scout,2
2365,Madnez123,4,0,,Armorer,1
2366,fwisp,1,0,,Knight,6
2367,iwky,0,0,,Farmer,7
2368,obamaparadox,0,0,,Knight,10
2369,Mostafa_Esam,0,0,,Farmer,3
2370,ItsArdi2019,0,0,,Knight,5
2371,zaba_dk1,0,0,,Knight,9
2372,weqtyz,0,0,,Scout,11
2373,lowpex,0,0,,Ecologist,12
2374,SkyBrot,0,0,,Ecologist,4
2375,TheMaxBatman,3,1,0.33,Scout,3
2376,Solgiauk,2,0,0.21,Enderchest,4
2377,80kRalley,1,0,0.14,Armorer,6
2378,novlr,1,0,,Armorer,2
2379,N1ce_and_Old,1,0,,Scout,9
2380,Windyer,1,0,0.17,Chronobreaker,10
2381,Tayrl,0,0,,Knight,8
2382,ispoke2soon,0,0,,Armorer,7
2383,SleepyBoy_,0,0,,Energix,1
2384,KOSINGG,0,0,,Armorer,11
2385,Doomsayer,0,0,,Pro,12
2386,Sienna71,4,1,,Armorsmith,1
2387,LION_GAY8,3,0,0.67,Scout,3
2388,Pr0st0_Den,2,0,,Scout,2
2389,carrotch1102,1,0,,Scout,5
2390,Hypertale,0,0,,Armorer,11
2391,Reacter,0,0,,Knight,9
2392,masamasa270,0,0,,Armorer,10
2393,Angryface_,0,0,,Farmer,7
2394,AlexJr_2006,0,0,0.5,Knight,6
2395,5ight,0,0,,Armorer,12
2396,Gogogoene77,0,0,0.33,Chronobreaker,8
2397,Fruitfulness,5,1,,Knight,1
2398,Me3029,3,0,,Knight,4
2399,ChanUngMineCraft,1,1,,Scout,5
2400,tox1cwasteel,1,1,,Farmer,6
2401,Nqten,0,0,,Scout,11
2402,InertPair,0,0,0.13,Scout,3
2403,Tiavina,0,0,,Knight,8
2404,Catutu27,0,0,,Ecologist,10
2405,SenyuR_MY,0,0,,Scout,12
2406,KOSINGG,0,0,,Armorer,9
2407,TootsMgeee,0,2,,Knight,7
2408,GOGOSI,4,1,0.33,Knight,1
2409,TysonFriis,2,0,,Knight,6
2410,Enfezada,2,0,,Armorer,3
2411,par3allel,2,0,,Scout,5
2412,zlimpdex,1,0,,Knight,11
2413,TimeMerchant,0,0,1.0,Knight,10
2414,TheLPro,0,0,,Knight,9
2415,Mau_beast,0,0,,Knight,8
2416,Jiku0123,0,0,,Frog,4
2417,T3ST1,0,0,0.17,Pro,7
2418,Highlander007,0,1,,Knight,12
2419,halliewagner2012,5,0,0.56,Knight,2
2420,ethansonline,2,0,,Knight,6
2421,Mochizuki_Rina,1,0,0.0,Slime,5
2422,VoidBeavers,0,0,,Chronobreaker,12
2423,L3332028,0,0,,None,9
2424,Gursaaj,0,0,,Nether Lord,7
2425,Klngg,0,0,,Scout,8
2426,PussLecheLover,0,0,,Knight,4
2427,8E_,0,1,0.5,Scout,3
2428,Joreman,0,0,,Scout,10
2429,goev,0,0,,Armorer,11
2430,TheNexReq,2,0,0.2,Knight,7
2431,eva_N_,1,0,,Chronobreaker,8
2432,V0V0YT,1,0,,Knight,2
2433,wSmooking,0,0,,Pro,9
2434,mengkongE727,0,0,,Knight,10
2435,PinkPiglet7543,0,0,,Armorer,5
2436,DancingCrypt,0,0,,Armorer,3
2437,Sebo486,0,0,,Knight,4
2438,Chilqx,0,0,,Speleologist,11
2439,AADIL_GAMER,0,0,,Chronobreaker,12
2440,akadakaa,0,0,0.13,Enderman,6
2441,oBlood,1,0,0.2,Frog,3
2442,BaccaDeww,1,0,0.35,Knight,2
2443,thetennisdude1,0,0,,Chronobreaker,9
2444,Not_Bo,0,0,,Armorer,4
2445,elitebow,0,0,,Farmer,7
2446,NateSnow,0,0,,Scout,11
2447,Panda_boy_123,0,0,,Ecologist,8
2448,Amyv1,0,0,0.0,Pharaoh,5
2449,Nitrocycle,0,0,,Farmer,10
2450,JediKeoni,0,0,,Knight,6
2451,Mad_Lord_6,0,0,,Armorer,12
2452,Rtbulen,3,0,,Farmer,4
2453,oTopG,3,0,0.43,Knight,2
2454,xNetherninja,1,0,,Armorer,8
2455,BANANA_2525,1,0,,Scout,5
2456,KaylFuture,1,0,,Frog,3
2457,quinnz,0,0,,Armorer,12
2458,ImAmogus,0,0,0.07,Chronobreaker,7
2459,GetMads,0,0,,Frog,11
2460,Luke488,0,1,,Knight,9
2461,Sarie1,0,0,,Scout,6
2462,pikqa_6cps,0,0,,Pharaoh,10
2463,Clof,2,0,0.25,Scout,3
2464,LoonyAmazing,2,1,,Chronobreaker,1
2465,Aristafat,1,0,,Scout,6
2466,DystopianForce,1,0,0.0,Knight,5
2467,Mythlikesfrogs,0,0,0.0,Troll,4
2468,osrcaveira,0,0,1.0,Armorer,7
2469,HashadJr,0,0,,Armorer,9
2470,kondexd,0,0,,Scout,10
2471,JustAPVPGod,0,0,,Knight,11
2472,Mad_Lord_6,0,0,,Armorer,12
2473,finip121,0,0,,Armorer,8
